-- phpMyAdmin SQL Dump
-- version 4.8.5
-- https://www.phpmyadmin.net/
--
-- Host: 127.0.0.1
-- Generation Time: Aug 30, 2019 at 03:41 PM
-- Server version: 10.1.38-MariaDB
-- PHP Version: 7.3.2

SET SQL_MODE = "NO_AUTO_VALUE_ON_ZERO";
SET AUTOCOMMIT = 0;
START TRANSACTION;
SET time_zone = "+00:00";


/*!40101 SET @OLD_CHARACTER_SET_CLIENT=@@CHARACTER_SET_CLIENT */;
/*!40101 SET @OLD_CHARACTER_SET_RESULTS=@@CHARACTER_SET_RESULTS */;
/*!40101 SET @OLD_COLLATION_CONNECTION=@@COLLATION_CONNECTION */;
/*!40101 SET NAMES utf8mb4 */;

--
-- Database: `value_shop`
--

-- --------------------------------------------------------

--
-- Table structure for table `adds`
--

CREATE TABLE `adds` (
  `adds_id` int(11) NOT NULL,
  `adds_title` varchar(255) CHARACTER SET utf8 NOT NULL,
  `adds_link` varchar(555) CHARACTER SET utf8 DEFAULT '#',
  `media_id` int(11) NOT NULL,
  `adds_type` varchar(7) DEFAULT 'sidebar'
) ENGINE=InnoDB DEFAULT CHARSET=latin1;

-- --------------------------------------------------------

--
-- Table structure for table `category`
--

CREATE TABLE `category` (
  `category_id` int(11) NOT NULL,
  `media_id` int(11) DEFAULT NULL,
  `medium_banner` int(11) DEFAULT NULL,
  `category_title` varchar(155) CHARACTER SET utf8 NOT NULL,
  `category_name` varchar(155) CHARACTER SET utf8 NOT NULL,
  `parent_id` int(11) DEFAULT '0',
  `rank_order` int(11) DEFAULT '0',
  `top_menu` varchar(1) DEFAULT '0',
  `category_gallery1` int(11) DEFAULT NULL,
  `category_gallery2` int(11) DEFAULT NULL,
  `category_gallery3` int(11) DEFAULT NULL,
  `target_url1` text CHARACTER SET utf8,
  `target_url2` text CHARACTER SET utf8,
  `target_url3` text CHARACTER SET utf8,
  `seo_title` text CHARACTER SET utf8,
  `seo_meta_title` text CHARACTER SET utf8,
  `seo_keywords` text CHARACTER SET utf8,
  `seo_content` text CHARACTER SET utf8,
  `seo_meta_content` text CHARACTER SET utf8
) ENGINE=InnoDB DEFAULT CHARSET=latin1;

--
-- Dumping data for table `category`
--

INSERT INTO `category` (`category_id`, `media_id`, `medium_banner`, `category_title`, `category_name`, `parent_id`, `rank_order`, `top_menu`, `category_gallery1`, `category_gallery2`, `category_gallery3`, `target_url1`, `target_url2`, `target_url3`, `seo_title`, `seo_meta_title`, `seo_keywords`, `seo_content`, `seo_meta_content`) VALUES
(56, 103, 229, 'সকল পন্য', 'all-products', 0, 1, NULL, 233, 234, NULL, '#1', '#2', '', 'Sss SEO Title', '', '', '', ''),
(58, 100, 229, 'গৃহস্থালী পণ্য', 'home-appliance', 0, 2, NULL, 231, 230, NULL, '#1', '#2', '#3', '', '', '', '', ''),
(59, 101, NULL, 'স্বাস্থ্য সুরক্ষা পণ্য', 'helth-care', 0, 3, NULL, NULL, NULL, NULL, '', '', '', '', '', '', '', ''),
(80, NULL, NULL, 'বেবী অ্যান্ড কিডস', 'baby-item', 0, 8, NULL, NULL, NULL, NULL, '', '', '', '', '', '', '', ''),
(81, NULL, NULL, 'ইলেকট্রনিক্স পণ্য ', 'electronics-product', 0, 4, NULL, NULL, NULL, NULL, '', '', '', '', '', '', '', ''),
(82, NULL, NULL, ' ছেলেদের শপিং ', 'mens-shopping', 0, 6, NULL, NULL, NULL, NULL, '', '', '', '', '', '', '', ''),
(83, NULL, NULL, 'মেয়েদের শপিং ', 'woment-shoping', 0, 7, NULL, NULL, NULL, NULL, '', '', '', '', '', '', '', ''),
(84, NULL, NULL, 'স্বাস্থ্য সহায়ক পন্য', 'Health products ', 84, 5, NULL, NULL, NULL, NULL, '#1', '#2', '#2', '', '', '', '', ''),
(85, NULL, NULL, 'কসমেটিক্স', 'cosmetics', 0, 9, NULL, NULL, NULL, NULL, '', '', '', '', '', '', '', ''),
(86, NULL, NULL, 'ঘড়ি', 'watch', 0, 10, NULL, NULL, NULL, NULL, '', '', '', '', '', '', '', '');

-- --------------------------------------------------------

--
-- Table structure for table `ci_sessions`
--

CREATE TABLE `ci_sessions` (
  `id` varchar(40) COLLATE utf8_unicode_ci NOT NULL,
  `ip_address` varchar(45) COLLATE utf8_unicode_ci NOT NULL,
  `timestamp` int(10) UNSIGNED NOT NULL DEFAULT '0',
  `data` blob NOT NULL
) ENGINE=MyISAM DEFAULT CHARSET=utf8 COLLATE=utf8_unicode_ci;

--
-- Dumping data for table `ci_sessions`
--

INSERT INTO `ci_sessions` (`id`, `ip_address`, `timestamp`, `data`) VALUES
('ekdm8gq8an2hesdnnkjo4tlch117go6t', '::1', 1567077912, 0x5f5f63695f6c6173745f726567656e65726174657c693a313536373037373931323b636172745f636f6e74656e74737c613a353a7b733a31303a22636172745f746f74616c223b643a3132323031343b733a31313a22746f74616c5f6974656d73223b643a38383b733a33323a226334636134323338613062393233383230646363353039613666373538343962223b613a363a7b733a323a226964223b733a313a2231223b733a333a22717479223b643a38313b733a353a227072696365223b643a313530303b733a343a226e616d65223b733a313a2231223b733a353a22726f776964223b733a33323a226334636134323338613062393233383230646363353039613666373538343962223b733a383a22737562746f74616c223b643a3132313530303b7d733a33323a226563636263383765346235636532666532383330386664396632613762616633223b613a363a7b733a323a226964223b733a313a2233223b733a333a22717479223b643a333b733a353a227072696365223b643a3232323b733a343a226e616d65223b733a313a2233223b733a353a22726f776964223b733a33323a226563636263383765346235636532666532383330386664396632613762616633223b733a383a22737562746f74616c223b643a3636363b7d733a33323a226138376666363739613266336537316439313831613637623735343231323263223b613a363a7b733a323a226964223b733a313a2234223b733a333a22717479223b643a343b733a353a227072696365223b643a2d33383b733a343a226e616d65223b733a313a2234223b733a353a22726f776964223b733a33323a226138376666363739613266336537316439313831613637623735343231323263223b733a383a22737562746f74616c223b643a2d3135323b7d7d),
('mppats7uf2mpk114spc9fj3r3l7rf1kk', '::1', 1567077345, 0x5f5f63695f6c6173745f726567656e65726174657c693a313536373037373334353b636172745f636f6e74656e74737c613a353a7b733a31303a22636172745f746f74616c223b643a3132323031343b733a31313a22746f74616c5f6974656d73223b643a38383b733a33323a226334636134323338613062393233383230646363353039613666373538343962223b613a363a7b733a323a226964223b733a313a2231223b733a333a22717479223b643a38313b733a353a227072696365223b643a313530303b733a343a226e616d65223b733a313a2231223b733a353a22726f776964223b733a33323a226334636134323338613062393233383230646363353039613666373538343962223b733a383a22737562746f74616c223b643a3132313530303b7d733a33323a226563636263383765346235636532666532383330386664396632613762616633223b613a363a7b733a323a226964223b733a313a2233223b733a333a22717479223b643a333b733a353a227072696365223b643a3232323b733a343a226e616d65223b733a313a2233223b733a353a22726f776964223b733a33323a226563636263383765346235636532666532383330386664396632613762616633223b733a383a22737562746f74616c223b643a3636363b7d733a33323a226138376666363739613266336537316439313831613637623735343231323263223b613a363a7b733a323a226964223b733a313a2234223b733a333a22717479223b643a343b733a353a227072696365223b643a2d33383b733a343a226e616d65223b733a313a2234223b733a353a22726f776964223b733a33323a226138376666363739613266336537316439313831613637623735343231323263223b733a383a22737562746f74616c223b643a2d3135323b7d7d),
('kgb74gpikc6i3d1povh78qo6bd92sll2', '::1', 1567075926, 0x5f5f63695f6c6173745f726567656e65726174657c693a313536373037353932363b636172745f636f6e74656e74737c613a333a7b733a31303a22636172745f746f74616c223b643a3132313530303b733a31313a22746f74616c5f6974656d73223b643a38313b733a33323a226334636134323338613062393233383230646363353039613666373538343962223b613a363a7b733a323a226964223b733a313a2231223b733a333a22717479223b643a38313b733a353a227072696365223b643a313530303b733a343a226e616d65223b733a313a2231223b733a353a22726f776964223b733a33323a226334636134323338613062393233383230646363353039613666373538343962223b733a383a22737562746f74616c223b643a3132313530303b7d7d),
('vji640ne1on4fkbjb5ls8ho2n3gen0ee', '::1', 1567075616, 0x5f5f63695f6c6173745f726567656e65726174657c693a313536373037353631363b636172745f636f6e74656e74737c613a333a7b733a31303a22636172745f746f74616c223b643a3132313530303b733a31313a22746f74616c5f6974656d73223b643a38313b733a33323a226334636134323338613062393233383230646363353039613666373538343962223b613a363a7b733a323a226964223b733a313a2231223b733a333a22717479223b643a38313b733a353a227072696365223b643a313530303b733a343a226e616d65223b733a313a2231223b733a353a22726f776964223b733a33323a226334636134323338613062393233383230646363353039613666373538343962223b733a383a22737562746f74616c223b643a3132313530303b7d7d),
('o49kgmj6d7idql5r7kutnj2mo3bd692m', '::1', 1567075306, 0x5f5f63695f6c6173745f726567656e65726174657c693a313536373037353330363b636172745f636f6e74656e74737c613a333a7b733a31303a22636172745f746f74616c223b643a3132313530303b733a31313a22746f74616c5f6974656d73223b643a38313b733a33323a226334636134323338613062393233383230646363353039613666373538343962223b613a363a7b733a323a226964223b733a313a2231223b733a333a22717479223b643a38313b733a353a227072696365223b643a313530303b733a343a226e616d65223b733a313a2231223b733a353a22726f776964223b733a33323a226334636134323338613062393233383230646363353039613666373538343962223b733a383a22737562746f74616c223b643a3132313530303b7d7d),
('r8vtcard7nj6qcoa9j8uh8m5va9f7vor', '::1', 1567075005, 0x5f5f63695f6c6173745f726567656e65726174657c693a313536373037353030353b636172745f636f6e74656e74737c613a333a7b733a31303a22636172745f746f74616c223b643a3132313530303b733a31313a22746f74616c5f6974656d73223b643a38313b733a33323a226334636134323338613062393233383230646363353039613666373538343962223b613a363a7b733a323a226964223b733a313a2231223b733a333a22717479223b643a38313b733a353a227072696365223b643a313530303b733a343a226e616d65223b733a313a2231223b733a353a22726f776964223b733a33323a226334636134323338613062393233383230646363353039613666373538343962223b733a383a22737562746f74616c223b643a3132313530303b7d7d),
('dia12t1ptaasf3lgierctcd59obl1tuc', '::1', 1567078681, 0x5f5f63695f6c6173745f726567656e65726174657c693a313536373037383638313b636172745f636f6e74656e74737c613a333a7b733a31303a22636172745f746f74616c223b643a35313030303b733a31313a22746f74616c5f6974656d73223b643a33343b733a33323a226334636134323338613062393233383230646363353039613666373538343962223b613a363a7b733a323a226964223b733a313a2231223b733a333a22717479223b643a33343b733a353a227072696365223b643a313530303b733a343a226e616d65223b733a313a2231223b733a353a22726f776964223b733a33323a226334636134323338613062393233383230646363353039613666373538343962223b733a383a22737562746f74616c223b643a35313030303b7d7d),
('76ofhsjd99fdndi77ohfvkr2os09s2fc', '::1', 1567074647, 0x5f5f63695f6c6173745f726567656e65726174657c693a313536373037343634373b636172745f636f6e74656e74737c613a333a7b733a31303a22636172745f746f74616c223b643a3132313530303b733a31313a22746f74616c5f6974656d73223b643a38313b733a33323a226334636134323338613062393233383230646363353039613666373538343962223b613a363a7b733a323a226964223b733a313a2231223b733a333a22717479223b643a38313b733a353a227072696365223b643a313530303b733a343a226e616d65223b733a313a2231223b733a353a22726f776964223b733a33323a226334636134323338613062393233383230646363353039613666373538343962223b733a383a22737562746f74616c223b643a3132313530303b7d7d),
('gl54omm9a7gcs73h6v0vt4sc63jdojou', '::1', 1567074310, 0x5f5f63695f6c6173745f726567656e65726174657c693a313536373037343331303b636172745f636f6e74656e74737c613a333a7b733a31303a22636172745f746f74616c223b643a3132313530303b733a31313a22746f74616c5f6974656d73223b643a38313b733a33323a226334636134323338613062393233383230646363353039613666373538343962223b613a363a7b733a323a226964223b733a313a2231223b733a333a22717479223b643a38313b733a353a227072696365223b643a313530303b733a343a226e616d65223b733a313a2231223b733a353a22726f776964223b733a33323a226334636134323338613062393233383230646363353039613666373538343962223b733a383a22737562746f74616c223b643a3132313530303b7d7d),
('atii9p6uf0gfrc3c72nu9jtvcvvjp0pu', '::1', 1567073856, 0x5f5f63695f6c6173745f726567656e65726174657c693a313536373037333835363b636172745f636f6e74656e74737c613a333a7b733a31303a22636172745f746f74616c223b643a3132313530303b733a31313a22746f74616c5f6974656d73223b643a38313b733a33323a226334636134323338613062393233383230646363353039613666373538343962223b613a363a7b733a323a226964223b733a313a2231223b733a333a22717479223b643a38313b733a353a227072696365223b643a313530303b733a343a226e616d65223b733a313a2231223b733a353a22726f776964223b733a33323a226334636134323338613062393233383230646363353039613666373538343962223b733a383a22737562746f74616c223b643a3132313530303b7d7d),
('rm0qe4r6ruebsjldtc678g7804h3gqu9', '::1', 1567074612, 0x5f5f63695f6c6173745f726567656e65726174657c693a313536373037343631323b636172745f636f6e74656e74737c613a333a7b733a31303a22636172745f746f74616c223b643a35313030303b733a31313a22746f74616c5f6974656d73223b643a33343b733a33323a226334636134323338613062393233383230646363353039613666373538343962223b613a363a7b733a323a226964223b733a313a2231223b733a333a22717479223b643a33343b733a353a227072696365223b643a313530303b733a343a226e616d65223b733a313a2231223b733a353a22726f776964223b733a33323a226334636134323338613062393233383230646363353039613666373538343962223b733a383a22737562746f74616c223b643a35313030303b7d7d),
('kqt5e6knne6r0pm7opk02f5fkomguiu5', '::1', 1567073183, 0x5f5f63695f6c6173745f726567656e65726174657c693a313536373037333138333b636172745f636f6e74656e74737c613a333a7b733a31303a22636172745f746f74616c223b643a3132313530303b733a31313a22746f74616c5f6974656d73223b643a38313b733a33323a226334636134323338613062393233383230646363353039613666373538343962223b613a363a7b733a323a226964223b733a313a2231223b733a333a22717479223b643a38313b733a353a227072696365223b643a313530303b733a343a226e616d65223b733a313a2231223b733a353a22726f776964223b733a33323a226334636134323338613062393233383230646363353039613666373538343962223b733a383a22737562746f74616c223b643a3132313530303b7d7d),
('q7j2lr6droqjgchhtaprd2j5sj1rapg9', '::1', 1567072824, 0x5f5f63695f6c6173745f726567656e65726174657c693a313536373037323832343b636172745f636f6e74656e74737c613a333a7b733a31303a22636172745f746f74616c223b643a35313030303b733a31313a22746f74616c5f6974656d73223b643a33343b733a33323a226334636134323338613062393233383230646363353039613666373538343962223b613a363a7b733a323a226964223b733a313a2231223b733a333a22717479223b643a33343b733a353a227072696365223b643a313530303b733a343a226e616d65223b733a313a2231223b733a353a22726f776964223b733a33323a226334636134323338613062393233383230646363353039613666373538343962223b733a383a22737562746f74616c223b643a35313030303b7d7d),
('21jtjsfcnq2l21pn6peogg67q2lobpoq', '::1', 1567072674, 0x5f5f63695f6c6173745f726567656e65726174657c693a313536373037323637343b636172745f636f6e74656e74737c613a333a7b733a31303a22636172745f746f74616c223b643a3132313530303b733a31313a22746f74616c5f6974656d73223b643a38313b733a33323a226334636134323338613062393233383230646363353039613666373538343962223b613a363a7b733a323a226964223b733a313a2231223b733a333a22717479223b643a38313b733a353a227072696365223b643a313530303b733a343a226e616d65223b733a313a2231223b733a353a22726f776964223b733a33323a226334636134323338613062393233383230646363353039613666373538343962223b733a383a22737562746f74616c223b643a3132313530303b7d7d),
('aehnviv8v30e4kr949gu3tpiur809g4a', '::1', 1567071588, 0x5f5f63695f6c6173745f726567656e65726174657c693a313536373037313538383b636172745f636f6e74656e74737c613a333a7b733a31303a22636172745f746f74616c223b643a35313030303b733a31313a22746f74616c5f6974656d73223b643a33343b733a33323a226334636134323338613062393233383230646363353039613666373538343962223b613a363a7b733a323a226964223b733a313a2231223b733a333a22717479223b643a33343b733a353a227072696365223b643a313530303b733a343a226e616d65223b733a313a2231223b733a353a22726f776964223b733a33323a226334636134323338613062393233383230646363353039613666373538343962223b733a383a22737562746f74616c223b643a35313030303b7d7d),
('8iro17rceghlsrl54u2qc0ejgpvtcvu1', '::1', 1567071542, 0x5f5f63695f6c6173745f726567656e65726174657c693a313536373037313534323b636172745f636f6e74656e74737c613a333a7b733a31303a22636172745f746f74616c223b643a3132313530303b733a31313a22746f74616c5f6974656d73223b643a38313b733a33323a226334636134323338613062393233383230646363353039613666373538343962223b613a363a7b733a323a226964223b733a313a2231223b733a333a22717479223b643a38313b733a353a227072696365223b643a313530303b733a343a226e616d65223b733a313a2231223b733a353a22726f776964223b733a33323a226334636134323338613062393233383230646363353039613666373538343962223b733a383a22737562746f74616c223b643a3132313530303b7d7d),
('q43nta8j4dorvjdosvq266c4303hc0va', '::1', 1567069913, 0x5f5f63695f6c6173745f726567656e65726174657c693a313536373036393632343b636172745f636f6e74656e74737c613a333a7b733a31303a22636172745f746f74616c223b643a3130303530303b733a31313a22746f74616c5f6974656d73223b643a36373b733a33323a226334636134323338613062393233383230646363353039613666373538343962223b613a363a7b733a323a226964223b733a313a2231223b733a333a22717479223b643a36373b733a353a227072696365223b643a313530303b733a343a226e616d65223b733a313a2231223b733a353a22726f776964223b733a33323a226334636134323338613062393233383230646363353039613666373538343962223b733a383a22737562746f74616c223b643a3130303530303b7d7d),
('4ksf42ojhflg9dc3lramll2qgcc6g676', '::1', 1567069608, 0x5f5f63695f6c6173745f726567656e65726174657c693a313536373036393533383b636172745f636f6e74656e74737c613a333a7b733a31303a22636172745f746f74616c223b643a31303530303b733a31313a22746f74616c5f6974656d73223b643a373b733a33323a226334636134323338613062393233383230646363353039613666373538343962223b613a363a7b733a323a226964223b733a313a2231223b733a333a22717479223b643a373b733a353a227072696365223b643a313530303b733a343a226e616d65223b733a313a2231223b733a353a22726f776964223b733a33323a226334636134323338613062393233383230646363353039613666373538343962223b733a383a22737562746f74616c223b643a31303530303b7d7d),
('fmugqcd3gc7t05t7qqhr7ha0a4dch1lr', '::1', 1567069804, 0x5f5f63695f6c6173745f726567656e65726174657c693a313536373036393830343b636172745f636f6e74656e74737c613a333a7b733a31303a22636172745f746f74616c223b643a34323030303b733a31313a22746f74616c5f6974656d73223b643a32383b733a33323a226334636134323338613062393233383230646363353039613666373538343962223b613a363a7b733a323a226964223b733a313a2231223b733a333a22717479223b643a32383b733a353a227072696365223b643a313530303b733a343a226e616d65223b733a313a2231223b733a353a22726f776964223b733a33323a226334636134323338613062393233383230646363353039613666373538343962223b733a383a22737562746f74616c223b643a34323030303b7d7d),
('7hnga0iafecrprdov3rc6nqbavdceuv8', '::1', 1567069538, 0x5f5f63695f6c6173745f726567656e65726174657c693a313536373036393533383b636172745f636f6e74656e74737c613a333a7b733a31303a22636172745f746f74616c223b643a363030303b733a31313a22746f74616c5f6974656d73223b643a343b733a33323a226334636134323338613062393233383230646363353039613666373538343962223b613a363a7b733a323a226964223b733a313a2231223b733a333a22717479223b643a343b733a353a227072696365223b643a313530303b733a343a226e616d65223b733a313a2231223b733a353a22726f776964223b733a33323a226334636134323338613062393233383230646363353039613666373538343962223b733a383a22737562746f74616c223b643a363030303b7d7d),
('hc7d3l4fel3q9mr7h6aji3s247n7ecda', '::1', 1567071173, 0x5f5f63695f6c6173745f726567656e65726174657c693a313536373037313137333b636172745f636f6e74656e74737c613a333a7b733a31303a22636172745f746f74616c223b643a35313030303b733a31313a22746f74616c5f6974656d73223b643a33343b733a33323a226334636134323338613062393233383230646363353039613666373538343962223b613a363a7b733a323a226964223b733a313a2231223b733a333a22717479223b643a33343b733a353a227072696365223b643a313530303b733a343a226e616d65223b733a313a2231223b733a353a22726f776964223b733a33323a226334636134323338613062393233383230646363353039613666373538343962223b733a383a22737562746f74616c223b643a35313030303b7d7d),
('c5va3giuf79sscomjd49e6hgq7dp4hu4', '::1', 1567070473, 0x5f5f63695f6c6173745f726567656e65726174657c693a313536373037303437333b636172745f636f6e74656e74737c613a333a7b733a31303a22636172745f746f74616c223b643a32373030303b733a31313a22746f74616c5f6974656d73223b643a31383b733a33323a226334636134323338613062393233383230646363353039613666373538343962223b613a363a7b733a323a226964223b733a313a2231223b733a333a22717479223b643a31383b733a353a227072696365223b643a313530303b733a343a226e616d65223b733a313a2231223b733a353a22726f776964223b733a33323a226334636134323338613062393233383230646363353039613666373538343962223b733a383a22737562746f74616c223b643a32373030303b7d7d),
('qcuu5s0d2n47bsfcil287qder14hapd3', '::1', 1567070141, 0x5f5f63695f6c6173745f726567656e65726174657c693a313536373037303134313b636172745f636f6e74656e74737c613a333a7b733a31303a22636172745f746f74616c223b643a34393530303b733a31313a22746f74616c5f6974656d73223b643a33333b733a33323a226334636134323338613062393233383230646363353039613666373538343962223b613a363a7b733a323a226964223b733a313a2231223b733a333a22717479223b643a33333b733a353a227072696365223b643a313530303b733a343a226e616d65223b733a313a2231223b733a353a22726f776964223b733a33323a226334636134323338613062393233383230646363353039613666373538343962223b733a383a22737562746f74616c223b643a34393530303b7d7d),
('6odbiu0ni2agslhtoo0krq2ms375rgol', '::1', 1567070850, 0x5f5f63695f6c6173745f726567656e65726174657c693a313536373037303835303b636172745f636f6e74656e74737c613a333a7b733a31303a22636172745f746f74616c223b643a33333030303b733a31313a22746f74616c5f6974656d73223b643a32323b733a33323a226334636134323338613062393233383230646363353039613666373538343962223b613a363a7b733a323a226964223b733a313a2231223b733a333a22717479223b643a32323b733a353a227072696365223b643a313530303b733a343a226e616d65223b733a313a2231223b733a353a22726f776964223b733a33323a226334636134323338613062393233383230646363353039613666373538343962223b733a383a22737562746f74616c223b643a33333030303b7d7d),
('ch5nb7m60dteckkovaojouoge826bd80', '::1', 1567069195, 0x5f5f63695f6c6173745f726567656e65726174657c693a313536373036393139353b),
('u8paol5nn3atu5aj411fvukff48umgmj', '::1', 1567069070, 0x5f5f63695f6c6173745f726567656e65726174657c693a313536373036393037303b),
('o4k0km29velh42krfk8e2up1eqogi3u1', '::1', 1567069002, 0x5f5f63695f6c6173745f726567656e65726174657c693a313536373036393030323b),
('rpt0633v1lfhb0ka0et0k1h0goqhjeo3', '::1', 1567069500, 0x5f5f63695f6c6173745f726567656e65726174657c693a313536373036393530303b636172745f636f6e74656e74737c613a333a7b733a31303a22636172745f746f74616c223b643a33373530303b733a31313a22746f74616c5f6974656d73223b643a32353b733a33323a226334636134323338613062393233383230646363353039613666373538343962223b613a363a7b733a323a226964223b733a313a2231223b733a333a22717479223b643a32353b733a353a227072696365223b643a313530303b733a343a226e616d65223b733a313a2231223b733a353a22726f776964223b733a33323a226334636134323338613062393233383230646363353039613666373538343962223b733a383a22737562746f74616c223b643a33373530303b7d7d),
('8b5jm396d0rsmu0mue3jtjg7tk1c9st3', '::1', 1567070447, 0x5f5f63695f6c6173745f726567656e65726174657c693a313536373037303434373b636172745f636f6e74656e74737c613a333a7b733a31303a22636172745f746f74616c223b643a37363530303b733a31313a22746f74616c5f6974656d73223b643a35313b733a33323a226334636134323338613062393233383230646363353039613666373538343962223b613a363a7b733a323a226964223b733a313a2231223b733a333a22717479223b643a35313b733a353a227072696365223b643a313530303b733a343a226e616d65223b733a313a2231223b733a353a22726f776964223b733a33323a226334636134323338613062393233383230646363353039613666373538343962223b733a383a22737562746f74616c223b643a37363530303b7d7d),
('eflhg8fuvviefbb1ii107jn4jjnb3auo', '::1', 1567071008, 0x5f5f63695f6c6173745f726567656e65726174657c693a313536373037313030383b636172745f636f6e74656e74737c613a333a7b733a31303a22636172745f746f74616c223b643a3131343030303b733a31313a22746f74616c5f6974656d73223b643a37363b733a33323a226334636134323338613062393233383230646363353039613666373538343962223b613a363a7b733a323a226964223b733a313a2231223b733a333a22717479223b643a37363b733a353a227072696365223b643a313530303b733a343a226e616d65223b733a313a2231223b733a353a22726f776964223b733a33323a226334636134323338613062393233383230646363353039613666373538343962223b733a383a22737562746f74616c223b643a3131343030303b7d7d),
('bq3g2p6s55lntgaet077nqbpk2mif353', '::1', 1567069195, 0x5f5f63695f6c6173745f726567656e65726174657c693a313536373036393139353b),
('i8lbempfbm69angk0fltrgmo9o6vkou2', '::1', 1567078542, 0x5f5f63695f6c6173745f726567656e65726174657c693a313536373037383534323b636172745f636f6e74656e74737c613a353a7b733a31303a22636172745f746f74616c223b643a3132323031343b733a31313a22746f74616c5f6974656d73223b643a38383b733a33323a226334636134323338613062393233383230646363353039613666373538343962223b613a363a7b733a323a226964223b733a313a2231223b733a333a22717479223b643a38313b733a353a227072696365223b643a313530303b733a343a226e616d65223b733a313a2231223b733a353a22726f776964223b733a33323a226334636134323338613062393233383230646363353039613666373538343962223b733a383a22737562746f74616c223b643a3132313530303b7d733a33323a226563636263383765346235636532666532383330386664396632613762616633223b613a363a7b733a323a226964223b733a313a2233223b733a333a22717479223b643a333b733a353a227072696365223b643a3232323b733a343a226e616d65223b733a313a2233223b733a353a22726f776964223b733a33323a226563636263383765346235636532666532383330386664396632613762616633223b733a383a22737562746f74616c223b643a3636363b7d733a33323a226138376666363739613266336537316439313831613637623735343231323263223b613a363a7b733a323a226964223b733a313a2234223b733a333a22717479223b643a343b733a353a227072696365223b643a2d33383b733a343a226e616d65223b733a313a2234223b733a353a22726f776964223b733a33323a226138376666363739613266336537316439313831613637623735343231323263223b733a383a22737562746f74616c223b643a2d3135323b7d7d),
('mgu94t1p1lje8mltvtajnc9iorr67vg4', '::1', 1567078848, 0x5f5f63695f6c6173745f726567656e65726174657c693a313536373037383834383b636172745f636f6e74656e74737c613a353a7b733a31303a22636172745f746f74616c223b643a3132333437363b733a31313a22746f74616c5f6974656d73223b643a39303b733a33323a226334636134323338613062393233383230646363353039613666373538343962223b613a363a7b733a323a226964223b733a313a2231223b733a333a22717479223b643a38323b733a353a227072696365223b643a313530303b733a343a226e616d65223b733a313a2231223b733a353a22726f776964223b733a33323a226334636134323338613062393233383230646363353039613666373538343962223b733a383a22737562746f74616c223b643a3132333030303b7d733a33323a226563636263383765346235636532666532383330386664396632613762616633223b613a363a7b733a323a226964223b733a313a2233223b733a333a22717479223b643a333b733a353a227072696365223b643a3232323b733a343a226e616d65223b733a313a2233223b733a353a22726f776964223b733a33323a226563636263383765346235636532666532383330386664396632613762616633223b733a383a22737562746f74616c223b643a3636363b7d733a33323a226138376666363739613266336537316439313831613637623735343231323263223b613a363a7b733a323a226964223b733a313a2234223b733a333a22717479223b643a353b733a353a227072696365223b643a2d33383b733a343a226e616d65223b733a313a2234223b733a353a22726f776964223b733a33323a226138376666363739613266336537316439313831613637623735343231323263223b733a383a22737562746f74616c223b643a2d3139303b7d7d),
('akm72olpu0s61m6s44pfhm2r3qf330j6', '::1', 1567078746, 0x5f5f63695f6c6173745f726567656e65726174657c693a313536373037383638313b636172745f636f6e74656e74737c613a343a7b733a31303a22636172745f746f74616c223b643a35313232323b733a31313a22746f74616c5f6974656d73223b643a33353b733a33323a226334636134323338613062393233383230646363353039613666373538343962223b613a363a7b733a323a226964223b733a313a2231223b733a333a22717479223b643a33343b733a353a227072696365223b643a313530303b733a343a226e616d65223b733a313a2231223b733a353a22726f776964223b733a33323a226334636134323338613062393233383230646363353039613666373538343962223b733a383a22737562746f74616c223b643a35313030303b7d733a33323a226563636263383765346235636532666532383330386664396632613762616633223b613a363a7b733a323a226964223b733a313a2233223b733a333a22717479223b643a313b733a353a227072696365223b643a3232323b733a343a226e616d65223b733a313a2233223b733a353a22726f776964223b733a33323a226563636263383765346235636532666532383330386664396632613762616633223b733a383a22737562746f74616c223b643a3232323b7d7d),
('clbdfn501b7ppnqkeb6njpo0rgf1n7fb', '::1', 1567079607, 0x5f5f63695f6c6173745f726567656e65726174657c693a313536373037393630373b636172745f636f6e74656e74737c613a363a7b733a31303a22636172745f746f74616c223b643a3134373137363b733a31313a22746f74616c5f6974656d73223b643a313334363b733a33323a226334636134323338613062393233383230646363353039613666373538343962223b613a363a7b733a323a226964223b733a313a2231223b733a333a22717479223b643a38323b733a353a227072696365223b643a313530303b733a343a226e616d65223b733a313a2231223b733a353a22726f776964223b733a33323a226334636134323338613062393233383230646363353039613666373538343962223b733a383a22737562746f74616c223b643a3132333030303b7d733a33323a226563636263383765346235636532666532383330386664396632613762616633223b613a363a7b733a323a226964223b733a313a2233223b733a333a22717479223b643a343b733a353a227072696365223b643a3232323b733a343a226e616d65223b733a313a2233223b733a353a22726f776964223b733a33323a226563636263383765346235636532666532383330386664396632613762616633223b733a383a22737562746f74616c223b643a3838383b7d733a33323a226138376666363739613266336537316439313831613637623735343231323263223b613a363a7b733a323a226964223b733a313a2234223b733a333a22717479223b643a313030343b733a353a227072696365223b643a2d33383b733a343a226e616d65223b733a313a2234223b733a353a22726f776964223b733a33323a226138376666363739613266336537316439313831613637623735343231323263223b733a383a22737562746f74616c223b643a2d33383135323b7d733a33323a226534646133623766626263653233343564373737326230363734613331386435223b613a363a7b733a323a226964223b733a313a2235223b733a333a22717479223b643a3235363b733a353a227072696365223b643a3234303b733a343a226e616d65223b733a313a2235223b733a353a22726f776964223b733a33323a226534646133623766626263653233343564373737326230363734613331386435223b733a383a22737562746f74616c223b643a36313434303b7d7d),
('r3rvdigmsdbjrrsnscafo7rl87gjk8nq', '::1', 1567079923, 0x5f5f63695f6c6173745f726567656e65726174657c693a313536373037393932333b636172745f636f6e74656e74737c613a363a7b733a31303a22636172745f746f74616c223b643a3134373339383b733a31313a22746f74616c5f6974656d73223b643a313334373b733a33323a226334636134323338613062393233383230646363353039613666373538343962223b613a363a7b733a323a226964223b733a313a2231223b733a333a22717479223b643a38323b733a353a227072696365223b643a313530303b733a343a226e616d65223b733a313a2231223b733a353a22726f776964223b733a33323a226334636134323338613062393233383230646363353039613666373538343962223b733a383a22737562746f74616c223b643a3132333030303b7d733a33323a226563636263383765346235636532666532383330386664396632613762616633223b613a363a7b733a323a226964223b733a313a2233223b733a333a22717479223b643a353b733a353a227072696365223b643a3232323b733a343a226e616d65223b733a313a2233223b733a353a22726f776964223b733a33323a226563636263383765346235636532666532383330386664396632613762616633223b733a383a22737562746f74616c223b643a313131303b7d733a33323a226138376666363739613266336537316439313831613637623735343231323263223b613a363a7b733a323a226964223b733a313a2234223b733a333a22717479223b643a313030343b733a353a227072696365223b643a2d33383b733a343a226e616d65223b733a313a2234223b733a353a22726f776964223b733a33323a226138376666363739613266336537316439313831613637623735343231323263223b733a383a22737562746f74616c223b643a2d33383135323b7d733a33323a226534646133623766626263653233343564373737326230363734613331386435223b613a363a7b733a323a226964223b733a313a2235223b733a333a22717479223b643a3235363b733a353a227072696365223b643a3234303b733a343a226e616d65223b733a313a2235223b733a353a22726f776964223b733a33323a226534646133623766626263653233343564373737326230363734613331386435223b733a383a22737562746f74616c223b643a36313434303b7d7d),
('ojv2qmftercsujhsoekst6q3lvan4ccn', '::1', 1567080237, 0x5f5f63695f6c6173745f726567656e65726174657c693a313536373038303233373b636172745f636f6e74656e74737c613a363a7b733a31303a22636172745f746f74616c223b643a3134373339383b733a31313a22746f74616c5f6974656d73223b643a313334373b733a33323a226334636134323338613062393233383230646363353039613666373538343962223b613a363a7b733a323a226964223b733a313a2231223b733a333a22717479223b643a38323b733a353a227072696365223b643a313530303b733a343a226e616d65223b733a313a2231223b733a353a22726f776964223b733a33323a226334636134323338613062393233383230646363353039613666373538343962223b733a383a22737562746f74616c223b643a3132333030303b7d733a33323a226563636263383765346235636532666532383330386664396632613762616633223b613a363a7b733a323a226964223b733a313a2233223b733a333a22717479223b643a353b733a353a227072696365223b643a3232323b733a343a226e616d65223b733a313a2233223b733a353a22726f776964223b733a33323a226563636263383765346235636532666532383330386664396632613762616633223b733a383a22737562746f74616c223b643a313131303b7d733a33323a226138376666363739613266336537316439313831613637623735343231323263223b613a363a7b733a323a226964223b733a313a2234223b733a333a22717479223b643a313030343b733a353a227072696365223b643a2d33383b733a343a226e616d65223b733a313a2234223b733a353a22726f776964223b733a33323a226138376666363739613266336537316439313831613637623735343231323263223b733a383a22737562746f74616c223b643a2d33383135323b7d733a33323a226534646133623766626263653233343564373737326230363734613331386435223b613a363a7b733a323a226964223b733a313a2235223b733a333a22717479223b643a3235363b733a353a227072696365223b643a3234303b733a343a226e616d65223b733a313a2235223b733a353a22726f776964223b733a33323a226534646133623766626263653233343564373737326230363734613331386435223b733a383a22737562746f74616c223b643a36313434303b7d7d),
('8ehbg0g10che238adh595q75912j4524', '::1', 1567080573, 0x5f5f63695f6c6173745f726567656e65726174657c693a313536373038303537333b636172745f636f6e74656e74737c613a363a7b733a31303a22636172745f746f74616c223b643a3134373339383b733a31313a22746f74616c5f6974656d73223b643a313334373b733a33323a226334636134323338613062393233383230646363353039613666373538343962223b613a363a7b733a323a226964223b733a313a2231223b733a333a22717479223b643a38323b733a353a227072696365223b643a313530303b733a343a226e616d65223b733a313a2231223b733a353a22726f776964223b733a33323a226334636134323338613062393233383230646363353039613666373538343962223b733a383a22737562746f74616c223b643a3132333030303b7d733a33323a226563636263383765346235636532666532383330386664396632613762616633223b613a363a7b733a323a226964223b733a313a2233223b733a333a22717479223b643a353b733a353a227072696365223b643a3232323b733a343a226e616d65223b733a313a2233223b733a353a22726f776964223b733a33323a226563636263383765346235636532666532383330386664396632613762616633223b733a383a22737562746f74616c223b643a313131303b7d733a33323a226138376666363739613266336537316439313831613637623735343231323263223b613a363a7b733a323a226964223b733a313a2234223b733a333a22717479223b643a313030343b733a353a227072696365223b643a2d33383b733a343a226e616d65223b733a313a2234223b733a353a22726f776964223b733a33323a226138376666363739613266336537316439313831613637623735343231323263223b733a383a22737562746f74616c223b643a2d33383135323b7d733a33323a226534646133623766626263653233343564373737326230363734613331386435223b613a363a7b733a323a226964223b733a313a2235223b733a333a22717479223b643a3235363b733a353a227072696365223b643a3234303b733a343a226e616d65223b733a313a2235223b733a353a22726f776964223b733a33323a226534646133623766626263653233343564373737326230363734613331386435223b733a383a22737562746f74616c223b643a36313434303b7d7d),
('lcel90cvg6vl8e4bhb77pl4tn0p2ub1l', '::1', 1567080952, 0x5f5f63695f6c6173745f726567656e65726174657c693a313536373038303935323b636172745f636f6e74656e74737c613a363a7b733a31303a22636172745f746f74616c223b643a3134373339383b733a31313a22746f74616c5f6974656d73223b643a313334373b733a33323a226334636134323338613062393233383230646363353039613666373538343962223b613a363a7b733a323a226964223b733a313a2231223b733a333a22717479223b643a38323b733a353a227072696365223b643a313530303b733a343a226e616d65223b733a313a2231223b733a353a22726f776964223b733a33323a226334636134323338613062393233383230646363353039613666373538343962223b733a383a22737562746f74616c223b643a3132333030303b7d733a33323a226563636263383765346235636532666532383330386664396632613762616633223b613a363a7b733a323a226964223b733a313a2233223b733a333a22717479223b643a353b733a353a227072696365223b643a3232323b733a343a226e616d65223b733a313a2233223b733a353a22726f776964223b733a33323a226563636263383765346235636532666532383330386664396632613762616633223b733a383a22737562746f74616c223b643a313131303b7d733a33323a226138376666363739613266336537316439313831613637623735343231323263223b613a363a7b733a323a226964223b733a313a2234223b733a333a22717479223b643a313030343b733a353a227072696365223b643a2d33383b733a343a226e616d65223b733a313a2234223b733a353a22726f776964223b733a33323a226138376666363739613266336537316439313831613637623735343231323263223b733a383a22737562746f74616c223b643a2d33383135323b7d733a33323a226534646133623766626263653233343564373737326230363734613331386435223b613a363a7b733a323a226964223b733a313a2235223b733a333a22717479223b643a3235363b733a353a227072696365223b643a3234303b733a343a226e616d65223b733a313a2235223b733a353a22726f776964223b733a33323a226534646133623766626263653233343564373737326230363734613331386435223b733a383a22737562746f74616c223b643a36313434303b7d7d),
('75v6o8t3b2sp535pb25j6pia1db6cf35', '::1', 1567081253, 0x5f5f63695f6c6173745f726567656e65726174657c693a313536373038313235333b636172745f636f6e74656e74737c613a363a7b733a31303a22636172745f746f74616c223b643a3134373339383b733a31313a22746f74616c5f6974656d73223b643a313334373b733a33323a226334636134323338613062393233383230646363353039613666373538343962223b613a363a7b733a323a226964223b733a313a2231223b733a333a22717479223b643a38323b733a353a227072696365223b643a313530303b733a343a226e616d65223b733a313a2231223b733a353a22726f776964223b733a33323a226334636134323338613062393233383230646363353039613666373538343962223b733a383a22737562746f74616c223b643a3132333030303b7d733a33323a226563636263383765346235636532666532383330386664396632613762616633223b613a363a7b733a323a226964223b733a313a2233223b733a333a22717479223b643a353b733a353a227072696365223b643a3232323b733a343a226e616d65223b733a313a2233223b733a353a22726f776964223b733a33323a226563636263383765346235636532666532383330386664396632613762616633223b733a383a22737562746f74616c223b643a313131303b7d733a33323a226138376666363739613266336537316439313831613637623735343231323263223b613a363a7b733a323a226964223b733a313a2234223b733a333a22717479223b643a313030343b733a353a227072696365223b643a2d33383b733a343a226e616d65223b733a313a2234223b733a353a22726f776964223b733a33323a226138376666363739613266336537316439313831613637623735343231323263223b733a383a22737562746f74616c223b643a2d33383135323b7d733a33323a226534646133623766626263653233343564373737326230363734613331386435223b613a363a7b733a323a226964223b733a313a2235223b733a333a22717479223b643a3235363b733a353a227072696365223b643a3234303b733a343a226e616d65223b733a313a2235223b733a353a22726f776964223b733a33323a226534646133623766626263653233343564373737326230363734613331386435223b733a383a22737562746f74616c223b643a36313434303b7d7d757365725f6e616d657c733a353a2273756a6f6e223b757365725f747970657c4e3b757365725f706963747572657c733a303a22223b757365725f7374617475737c733a363a22616374697665223b726567697374657265645f646174657c733a31323a2233302c4e6f762c2d30303031223b),
('0oukb20vv60fpqsiiefqpq0gjrudd7e9', '::1', 1567081432, 0x5f5f63695f6c6173745f726567656e65726174657c693a313536373038313235333b636172745f636f6e74656e74737c613a363a7b733a31303a22636172745f746f74616c223b643a3134373339383b733a31313a22746f74616c5f6974656d73223b643a313334373b733a33323a226334636134323338613062393233383230646363353039613666373538343962223b613a363a7b733a323a226964223b733a313a2231223b733a333a22717479223b643a38323b733a353a227072696365223b643a313530303b733a343a226e616d65223b733a313a2231223b733a353a22726f776964223b733a33323a226334636134323338613062393233383230646363353039613666373538343962223b733a383a22737562746f74616c223b643a3132333030303b7d733a33323a226563636263383765346235636532666532383330386664396632613762616633223b613a363a7b733a323a226964223b733a313a2233223b733a333a22717479223b643a353b733a353a227072696365223b643a3232323b733a343a226e616d65223b733a313a2233223b733a353a22726f776964223b733a33323a226563636263383765346235636532666532383330386664396632613762616633223b733a383a22737562746f74616c223b643a313131303b7d733a33323a226138376666363739613266336537316439313831613637623735343231323263223b613a363a7b733a323a226964223b733a313a2234223b733a333a22717479223b643a313030343b733a353a227072696365223b643a2d33383b733a343a226e616d65223b733a313a2234223b733a353a22726f776964223b733a33323a226138376666363739613266336537316439313831613637623735343231323263223b733a383a22737562746f74616c223b643a2d33383135323b7d733a33323a226534646133623766626263653233343564373737326230363734613331386435223b613a363a7b733a323a226964223b733a313a2235223b733a333a22717479223b643a3235363b733a353a227072696365223b643a3234303b733a343a226e616d65223b733a313a2235223b733a353a22726f776964223b733a33323a226534646133623766626263653233343564373737326230363734613331386435223b733a383a22737562746f74616c223b643a36313434303b7d7d757365725f6e616d657c733a353a2273756a6f6e223b757365725f747970657c4e3b757365725f706963747572657c733a303a22223b757365725f7374617475737c733a363a22616374697665223b726567697374657265645f646174657c733a31323a2233302c4e6f762c2d30303031223b),
('hnqak6aa5a7k51faa69ov7uaa903u51l', '::1', 1567083049, 0x5f5f63695f6c6173745f726567656e65726174657c693a313536373038333034393b),
('63l5c0qd665l408kg6tol27b97238dlf', '::1', 1567084001, 0x5f5f63695f6c6173745f726567656e65726174657c693a313536373038343030313b),
('nv4f2clsa2ug10j5hre4jjsobu8skptl', '::1', 1567084001, 0x5f5f63695f6c6173745f726567656e65726174657c693a313536373038343030313b),
('c3ebumbfernkbsgnhk52sm8juu0e5927', '::1', 1567153760, 0x5f5f63695f6c6173745f726567656e65726174657c693a313536373135333736303b757365725f6e616d657c733a353a2273756a6f6e223b757365725f747970657c4e3b757365725f706963747572657c733a303a22223b757365725f7374617475737c733a363a22616374697665223b726567697374657265645f646174657c733a31323a2233302c4e6f762c2d30303031223b),
('u6f5kp15r20ld95p1k78s601lhf2kijq', '::1', 1567145416, 0x5f5f63695f6c6173745f726567656e65726174657c693a313536373134353431363b757365725f6e616d657c733a353a2273756a6f6e223b757365725f747970657c4e3b757365725f706963747572657c733a303a22223b757365725f7374617475737c733a363a22616374697665223b726567697374657265645f646174657c733a31323a2233302c4e6f762c2d30303031223b),
('hbjsfb7qnl6aht5rcc29of0smead95ob', '::1', 1567145264, 0x5f5f63695f6c6173745f726567656e65726174657c693a313536373134353236343b),
('19os83lp4i8gs4ucj8hf147trgihh2rr', '::1', 1567145817, 0x5f5f63695f6c6173745f726567656e65726174657c693a313536373134353831373b757365725f6e616d657c733a353a2273756a6f6e223b757365725f747970657c4e3b757365725f706963747572657c733a303a22223b757365725f7374617475737c733a363a22616374697665223b726567697374657265645f646174657c733a31323a2233302c4e6f762c2d30303031223b),
('l2o0t2c2226lv06elmovedu0nain4gun', '::1', 1567146005, 0x5f5f63695f6c6173745f726567656e65726174657c693a313536373134353831373b757365725f6e616d657c733a353a2273756a6f6e223b757365725f747970657c4e3b757365725f706963747572657c733a303a22223b757365725f7374617475737c733a363a22616374697665223b726567697374657265645f646174657c733a31323a2233302c4e6f762c2d30303031223b),
('gjgqjo0emhm1h0sffn3o3bf67jgh3fce', '::1', 1567154963, 0x5f5f63695f6c6173745f726567656e65726174657c693a313536373135343936333b757365725f6e616d657c733a353a2273756a6f6e223b757365725f747970657c4e3b757365725f706963747572657c733a303a22223b757365725f7374617475737c733a363a22616374697665223b726567697374657265645f646174657c733a31323a2233302c4e6f762c2d30303031223b),
('7i1t0lc1ompnkk49re4trnm7b7n93jn0', '::1', 1567155316, 0x5f5f63695f6c6173745f726567656e65726174657c693a313536373135353331363b757365725f6e616d657c733a353a2273756a6f6e223b757365725f747970657c4e3b757365725f706963747572657c733a303a22223b757365725f7374617475737c733a363a22616374697665223b726567697374657265645f646174657c733a31323a2233302c4e6f762c2d30303031223b),
('bvddgchrspfl9ictgt575t8qlh4ciiss', '::1', 1567155633, 0x5f5f63695f6c6173745f726567656e65726174657c693a313536373135353633333b757365725f6e616d657c733a353a2273756a6f6e223b757365725f747970657c4e3b757365725f706963747572657c733a303a22223b757365725f7374617475737c733a363a22616374697665223b726567697374657265645f646174657c733a31323a2233302c4e6f762c2d30303031223b),
('40ob6m55ugtua99v5vtgehqmfdacghdn', '::1', 1567155708, 0x5f5f63695f6c6173745f726567656e65726174657c693a313536373135353633333b757365725f6e616d657c733a353a2273756a6f6e223b757365725f747970657c4e3b757365725f706963747572657c733a303a22223b757365725f7374617475737c733a363a22616374697665223b726567697374657265645f646174657c733a31323a2233302c4e6f762c2d30303031223b),
('79eqgs30hb7afqgkbtub68tauaufa9n2', '::1', 1567156495, 0x5f5f63695f6c6173745f726567656e65726174657c693a313536373135363439353b),
('bphv2rvp3j7pbacku83l73gurj0dqern', '::1', 1567156809, 0x5f5f63695f6c6173745f726567656e65726174657c693a313536373135363830393b),
('o33bv7evj19j744mndukruru3bbmnv90', '::1', 1567157143, 0x5f5f63695f6c6173745f726567656e65726174657c693a313536373135373134333b),
('k8ls6fjl9vsql62k7pa1nsp7hs1j2dhe', '::1', 1567157481, 0x5f5f63695f6c6173745f726567656e65726174657c693a313536373135373438313b),
('5hok8573i6t571i46sr01tg6lq7420gs', '::1', 1567157791, 0x5f5f63695f6c6173745f726567656e65726174657c693a313536373135373739313b),
('6ct6fk9ne9v7o23u5qbocla8m7jv03ii', '::1', 1567158150, 0x5f5f63695f6c6173745f726567656e65726174657c693a313536373135383135303b),
('0ivsflc3d25j5fpkkpjkb5aq6hnimijm', '::1', 1567158574, 0x5f5f63695f6c6173745f726567656e65726174657c693a313536373135383537343b),
('jd5llor396q7fr2hkha0cuuiual418jm', '::1', 1567158900, 0x5f5f63695f6c6173745f726567656e65726174657c693a313536373135383930303b),
('bsncgfbp5o826knf3pt6i9609hhhiujf', '::1', 1567159217, 0x5f5f63695f6c6173745f726567656e65726174657c693a313536373135393231373b),
('9h1lh6hd4m9750u0ervn868hrr7b0pul', '::1', 1567159566, 0x5f5f63695f6c6173745f726567656e65726174657c693a313536373135393536363b),
('s3keh6j74nhn2dtr9cj3jb55vv0f4ofj', '::1', 1567160274, 0x5f5f63695f6c6173745f726567656e65726174657c693a313536373136303237343b),
('lec2v41vmaccar3gfu3p3gctlsg11m01', '::1', 1567160628, 0x5f5f63695f6c6173745f726567656e65726174657c693a313536373136303632383b),
('45gh25df3gjv4ovigs4n3hvsp2rc2h38', '::1', 1567160980, 0x5f5f63695f6c6173745f726567656e65726174657c693a313536373136303938303b),
('06alap4ck212c042ihg5ld4q7ohvcmst', '::1', 1567163681, 0x5f5f63695f6c6173745f726567656e65726174657c693a313536373136333638313b),
('pplugiku80rn0iufqfbsjv7nn6obnqfi', '::1', 1567164003, 0x5f5f63695f6c6173745f726567656e65726174657c693a313536373136343030333b636172745f636f6e74656e74737c613a333a7b733a31303a22636172745f746f74616c223b643a2d3135323b733a31313a22746f74616c5f6974656d73223b643a343b733a33323a226138376666363739613266336537316439313831613637623735343231323263223b613a363a7b733a323a226964223b733a313a2234223b733a333a22717479223b643a343b733a353a227072696365223b643a2d33383b733a343a226e616d65223b733a313a2234223b733a353a22726f776964223b733a33323a226138376666363739613266336537316439313831613637623735343231323263223b733a383a22737562746f74616c223b643a2d3135323b7d7d),
('cenna1gu4khclacr9gle0on9fveft0a0', '::1', 1567164449, 0x5f5f63695f6c6173745f726567656e65726174657c693a313536373136343434393b636172745f636f6e74656e74737c613a333a7b733a31303a22636172745f746f74616c223b643a2d3135323b733a31313a22746f74616c5f6974656d73223b643a343b733a33323a226138376666363739613266336537316439313831613637623735343231323263223b613a363a7b733a323a226964223b733a313a2234223b733a333a22717479223b643a343b733a353a227072696365223b643a2d33383b733a343a226e616d65223b733a313a2234223b733a353a22726f776964223b733a33323a226138376666363739613266336537316439313831613637623735343231323263223b733a383a22737562746f74616c223b643a2d3135323b7d7d),
('1mqcfnk3ahuc5agsgkkkft7tqqu1aap9', '::1', 1567165376, 0x5f5f63695f6c6173745f726567656e65726174657c693a313536373136353337363b636172745f636f6e74656e74737c613a333a7b733a31303a22636172745f746f74616c223b643a2d3135323b733a31313a22746f74616c5f6974656d73223b643a343b733a33323a226138376666363739613266336537316439313831613637623735343231323263223b613a363a7b733a323a226964223b733a313a2234223b733a333a22717479223b643a343b733a353a227072696365223b643a2d33383b733a343a226e616d65223b733a313a2234223b733a353a22726f776964223b733a33323a226138376666363739613266336537316439313831613637623735343231323263223b733a383a22737562746f74616c223b643a2d3135323b7d7d),
('31jpgm4f4k58vlme79be4c1l1rgbpk43', '::1', 1567164486, 0x5f5f63695f6c6173745f726567656e65726174657c693a313536373136343438363b),
('2goo4ie0bvqhv2qeqb94h9ljh9ucehf3', '::1', 1567165020, 0x5f5f63695f6c6173745f726567656e65726174657c693a313536373136353032303b),
('98hkgpb2erbin9458ohorjgpsckk4rbn', '::1', 1567165349, 0x5f5f63695f6c6173745f726567656e65726174657c693a313536373136353334393b),
('pqtp0332tfobq9408oqde8vntdk8gm6p', '::1', 1567165710, 0x5f5f63695f6c6173745f726567656e65726174657c693a313536373136353731303b),
('ftaf1tnner07t8mf2vbcpopnisosjca3', '::1', 1567165830, 0x5f5f63695f6c6173745f726567656e65726174657c693a313536373136353833303b636172745f636f6e74656e74737c613a333a7b733a31303a22636172745f746f74616c223b643a2d3135323b733a31313a22746f74616c5f6974656d73223b643a343b733a33323a226138376666363739613266336537316439313831613637623735343231323263223b613a363a7b733a323a226964223b733a313a2234223b733a333a22717479223b643a343b733a353a227072696365223b643a2d33383b733a343a226e616d65223b733a313a2234223b733a353a22726f776964223b733a33323a226138376666363739613266336537316439313831613637623735343231323263223b733a383a22737562746f74616c223b643a2d3135323b7d7d),
('b7vmhflv02c4ogrvra9ma5m9u2bf0951', '::1', 1567166133, 0x5f5f63695f6c6173745f726567656e65726174657c693a313536373136363133333b636172745f636f6e74656e74737c613a333a7b733a31303a22636172745f746f74616c223b643a313530303b733a31313a22746f74616c5f6974656d73223b643a313b733a33323a226334636134323338613062393233383230646363353039613666373538343962223b613a363a7b733a323a226964223b733a313a2231223b733a333a22717479223b643a313b733a353a227072696365223b643a313530303b733a343a226e616d65223b733a313a2231223b733a353a22726f776964223b733a33323a226334636134323338613062393233383230646363353039613666373538343962223b733a383a22737562746f74616c223b643a313530303b7d7d),
('b6p0pljbo111nl163ut9ghh9v9c0d0gg', '::1', 1567166418, 0x5f5f63695f6c6173745f726567656e65726174657c693a313536373136363431383b636172745f636f6e74656e74737c613a333a7b733a31303a22636172745f746f74616c223b643a2d3135323b733a31313a22746f74616c5f6974656d73223b643a343b733a33323a226138376666363739613266336537316439313831613637623735343231323263223b613a363a7b733a323a226964223b733a313a2234223b733a333a22717479223b643a343b733a353a227072696365223b643a2d33383b733a343a226e616d65223b733a313a2234223b733a353a22726f776964223b733a33323a226138376666363739613266336537316439313831613637623735343231323263223b733a383a22737562746f74616c223b643a2d3135323b7d7d),
('vbfoelnvk08uhkdiaapsitmsvia54usp', '::1', 1567166304, 0x5f5f63695f6c6173745f726567656e65726174657c693a313536373136363133333b636172745f636f6e74656e74737c613a333a7b733a31303a22636172745f746f74616c223b643a313530303b733a31313a22746f74616c5f6974656d73223b643a313b733a33323a226334636134323338613062393233383230646363353039613666373538343962223b613a363a7b733a323a226964223b733a313a2231223b733a333a22717479223b643a313b733a353a227072696365223b643a313530303b733a343a226e616d65223b733a313a2231223b733a353a22726f776964223b733a33323a226334636134323338613062393233383230646363353039613666373538343962223b733a383a22737562746f74616c223b643a313530303b7d7d),
('fosf5qfjgebmot2uc7okkf1df44sfbgs', '::1', 1567166906, 0x5f5f63695f6c6173745f726567656e65726174657c693a313536373136363930363b636172745f636f6e74656e74737c613a333a7b733a31303a22636172745f746f74616c223b643a2d3135323b733a31313a22746f74616c5f6974656d73223b643a343b733a33323a226138376666363739613266336537316439313831613637623735343231323263223b613a363a7b733a323a226964223b733a313a2234223b733a333a22717479223b643a343b733a353a227072696365223b643a2d33383b733a343a226e616d65223b733a313a2234223b733a353a22726f776964223b733a33323a226138376666363739613266336537316439313831613637623735343231323263223b733a383a22737562746f74616c223b643a2d3135323b7d7d),
('k6madsr1lm3gordbau0lk8ll7uoukclh', '::1', 1567167460, 0x5f5f63695f6c6173745f726567656e65726174657c693a313536373136373436303b636172745f636f6e74656e74737c613a333a7b733a31303a22636172745f746f74616c223b643a2d3135323b733a31313a22746f74616c5f6974656d73223b643a343b733a33323a226138376666363739613266336537316439313831613637623735343231323263223b613a363a7b733a323a226964223b733a313a2234223b733a333a22717479223b643a343b733a353a227072696365223b643a2d33383b733a343a226e616d65223b733a313a2234223b733a353a22726f776964223b733a33323a226138376666363739613266336537316439313831613637623735343231323263223b733a383a22737562746f74616c223b643a2d3135323b7d7d),
('8eal8t77ke7hgjiknotnk6qfqphj30cb', '::1', 1567166977, 0x5f5f63695f6c6173745f726567656e65726174657c693a313536373136363937363b),
('u7mkchl1sf8r8sael8rcpvnothktr6k2', '::1', 1567167775, 0x5f5f63695f6c6173745f726567656e65726174657c693a313536373136373737353b636172745f636f6e74656e74737c613a333a7b733a31303a22636172745f746f74616c223b643a2d3135323b733a31313a22746f74616c5f6974656d73223b643a343b733a33323a226138376666363739613266336537316439313831613637623735343231323263223b613a363a7b733a323a226964223b733a313a2234223b733a333a22717479223b643a343b733a353a227072696365223b643a2d33383b733a343a226e616d65223b733a313a2234223b733a353a22726f776964223b733a33323a226138376666363739613266336537316439313831613637623735343231323263223b733a383a22737562746f74616c223b643a2d3135323b7d7d),
('ml93r6h1sdbn1ng1u7fd11g4uu0jjkas', '::1', 1567170000, 0x5f5f63695f6c6173745f726567656e65726174657c693a313536373137303030303b636172745f636f6e74656e74737c613a333a7b733a31303a22636172745f746f74616c223b643a2d3135323b733a31313a22746f74616c5f6974656d73223b643a343b733a33323a226138376666363739613266336537316439313831613637623735343231323263223b613a363a7b733a323a226964223b733a313a2234223b733a333a22717479223b643a343b733a353a227072696365223b643a2d33383b733a343a226e616d65223b733a313a2234223b733a353a22726f776964223b733a33323a226138376666363739613266336537316439313831613637623735343231323263223b733a383a22737562746f74616c223b643a2d3135323b7d7d);
INSERT INTO `ci_sessions` (`id`, `ip_address`, `timestamp`, `data`) VALUES
('3s97mokaba1dsmdgiqsct0cfmjs03rbi', '::1', 1567169944, 0x5f5f63695f6c6173745f726567656e65726174657c693a313536373136393934343b757365725f6e616d657c733a353a2273756a6f6e223b757365725f747970657c4e3b757365725f706963747572657c733a303a22223b757365725f7374617475737c733a363a22616374697665223b726567697374657265645f646174657c733a31323a2233302c4e6f762c2d30303031223b636172745f636f6e74656e74737c613a333a7b733a31303a22636172745f746f74616c223b643a3232323b733a31313a22746f74616c5f6974656d73223b643a313b733a33323a226563636263383765346235636532666532383330386664396632613762616633223b613a363a7b733a323a226964223b733a313a2233223b733a333a22717479223b643a313b733a353a227072696365223b643a3232323b733a343a226e616d65223b733a313a2233223b733a353a22726f776964223b733a33323a226563636263383765346235636532666532383330386664396632613762616633223b733a383a22737562746f74616c223b643a3232323b7d7d),
('c3nrgnmiv7gu7ivr5iinhg60dq14la9l', '::1', 1567170287, 0x5f5f63695f6c6173745f726567656e65726174657c693a313536373137303238373b757365725f6e616d657c733a353a2273756a6f6e223b757365725f747970657c4e3b757365725f706963747572657c733a303a22223b757365725f7374617475737c733a363a22616374697665223b726567697374657265645f646174657c733a31323a2233302c4e6f762c2d30303031223b636172745f636f6e74656e74737c613a333a7b733a31303a22636172745f746f74616c223b643a3232323b733a31313a22746f74616c5f6974656d73223b643a313b733a33323a226563636263383765346235636532666532383330386664396632613762616633223b613a363a7b733a323a226964223b733a313a2233223b733a333a22717479223b643a313b733a353a227072696365223b643a3232323b733a343a226e616d65223b733a313a2233223b733a353a22726f776964223b733a33323a226563636263383765346235636532666532383330386664396632613762616633223b733a383a22737562746f74616c223b643a3232323b7d7d),
('79nj2l86kpmj282j26q0j170dpb6r1u7', '::1', 1567171773, 0x5f5f63695f6c6173745f726567656e65726174657c693a313536373137313737333b636172745f636f6e74656e74737c613a333a7b733a31303a22636172745f746f74616c223b643a2d3135323b733a31313a22746f74616c5f6974656d73223b643a343b733a33323a226138376666363739613266336537316439313831613637623735343231323263223b613a363a7b733a323a226964223b733a313a2234223b733a333a22717479223b643a343b733a353a227072696365223b643a2d33383b733a343a226e616d65223b733a313a2234223b733a353a22726f776964223b733a33323a226138376666363739613266336537316439313831613637623735343231323263223b733a383a22737562746f74616c223b643a2d3135323b7d7d),
('d7l9pkq90vfrhera2gd7idaonk9crfsg', '::1', 1567170620, 0x5f5f63695f6c6173745f726567656e65726174657c693a313536373137303632303b757365725f6e616d657c733a353a2273756a6f6e223b757365725f747970657c4e3b757365725f706963747572657c733a303a22223b757365725f7374617475737c733a363a22616374697665223b726567697374657265645f646174657c733a31323a2233302c4e6f762c2d30303031223b636172745f636f6e74656e74737c613a333a7b733a31303a22636172745f746f74616c223b643a3232323b733a31313a22746f74616c5f6974656d73223b643a313b733a33323a226563636263383765346235636532666532383330386664396632613762616633223b613a363a7b733a323a226964223b733a313a2233223b733a333a22717479223b643a313b733a353a227072696365223b643a3232323b733a343a226e616d65223b733a313a2233223b733a353a22726f776964223b733a33323a226563636263383765346235636532666532383330386664396632613762616633223b733a383a22737562746f74616c223b643a3232323b7d7d),
('qdeji0mb7qikkbadcenp17cv27aqgd6o', '::1', 1567171151, 0x5f5f63695f6c6173745f726567656e65726174657c693a313536373137313135313b757365725f6e616d657c733a353a2273756a6f6e223b757365725f747970657c4e3b757365725f706963747572657c733a303a22223b757365725f7374617475737c733a363a22616374697665223b726567697374657265645f646174657c733a31323a2233302c4e6f762c2d30303031223b636172745f636f6e74656e74737c613a363a7b733a31303a22636172745f746f74616c223b643a383838343b733a31313a22746f74616c5f6974656d73223b643a31323b733a33323a226563636263383765346235636532666532383330386664396632613762616633223b613a363a7b733a323a226964223b733a313a2233223b733a333a22717479223b643a313b733a353a227072696365223b643a3232323b733a343a226e616d65223b733a313a2233223b733a353a22726f776964223b733a33323a226563636263383765346235636532666532383330386664396632613762616633223b733a383a22737562746f74616c223b643a3232323b7d733a33323a226534646133623766626263653233343564373737326230363734613331386435223b613a363a7b733a323a226964223b733a313a2235223b733a333a22717479223b643a353b733a353a227072696365223b643a3234303b733a343a226e616d65223b733a313a2235223b733a353a22726f776964223b733a33323a226534646133623766626263653233343564373737326230363734613331386435223b733a383a22737562746f74616c223b643a313230303b7d733a33323a226334636134323338613062393233383230646363353039613666373538343962223b613a363a7b733a323a226964223b733a313a2231223b733a333a22717479223b643a353b733a353a227072696365223b643a313530303b733a343a226e616d65223b733a313a2231223b733a353a22726f776964223b733a33323a226334636134323338613062393233383230646363353039613666373538343962223b733a383a22737562746f74616c223b643a373530303b7d733a33323a226138376666363739613266336537316439313831613637623735343231323263223b613a363a7b733a323a226964223b733a313a2234223b733a333a22717479223b643a313b733a353a227072696365223b643a2d33383b733a343a226e616d65223b733a313a2234223b733a353a22726f776964223b733a33323a226138376666363739613266336537316439313831613637623735343231323263223b733a383a22737562746f74616c223b643a2d33383b7d7d),
('6ihgsngphtvcp6obfgbo6n09vqpc31vd', '::1', 1567171597, 0x5f5f63695f6c6173745f726567656e65726174657c693a313536373137313539373b757365725f6e616d657c733a353a2273756a6f6e223b757365725f747970657c4e3b757365725f706963747572657c733a303a22223b757365725f7374617475737c733a363a22616374697665223b726567697374657265645f646174657c733a31323a2233302c4e6f762c2d30303031223b636172745f636f6e74656e74737c613a363a7b733a31303a22636172745f746f74616c223b643a383838343b733a31313a22746f74616c5f6974656d73223b643a31323b733a33323a226563636263383765346235636532666532383330386664396632613762616633223b613a363a7b733a323a226964223b733a313a2233223b733a333a22717479223b643a313b733a353a227072696365223b643a3232323b733a343a226e616d65223b733a313a2233223b733a353a22726f776964223b733a33323a226563636263383765346235636532666532383330386664396632613762616633223b733a383a22737562746f74616c223b643a3232323b7d733a33323a226534646133623766626263653233343564373737326230363734613331386435223b613a363a7b733a323a226964223b733a313a2235223b733a333a22717479223b643a353b733a353a227072696365223b643a3234303b733a343a226e616d65223b733a313a2235223b733a353a22726f776964223b733a33323a226534646133623766626263653233343564373737326230363734613331386435223b733a383a22737562746f74616c223b643a313230303b7d733a33323a226334636134323338613062393233383230646363353039613666373538343962223b613a363a7b733a323a226964223b733a313a2231223b733a333a22717479223b643a353b733a353a227072696365223b643a313530303b733a343a226e616d65223b733a313a2231223b733a353a22726f776964223b733a33323a226334636134323338613062393233383230646363353039613666373538343962223b733a383a22737562746f74616c223b643a373530303b7d733a33323a226138376666363739613266336537316439313831613637623735343231323263223b613a363a7b733a323a226964223b733a313a2234223b733a333a22717479223b643a313b733a353a227072696365223b643a2d33383b733a343a226e616d65223b733a313a2234223b733a353a22726f776964223b733a33323a226138376666363739613266336537316439313831613637623735343231323263223b733a383a22737562746f74616c223b643a2d33383b7d7d),
('ip7bkgp1jv2mlnucfsqp29q8mchuq0ei', '::1', 1567171750, 0x5f5f63695f6c6173745f726567656e65726174657c693a313536373137313539373b757365725f6e616d657c733a353a2273756a6f6e223b757365725f747970657c4e3b757365725f706963747572657c733a303a22223b757365725f7374617475737c733a363a22616374697665223b726567697374657265645f646174657c733a31323a2233302c4e6f762c2d30303031223b),
('kmnr6vbbf5r8gr6853sq7nb9hqpbqc6s', '::1', 1567172081, 0x5f5f63695f6c6173745f726567656e65726174657c693a313536373137323038313b),
('30t85ghcvulpgnfgm84v7153p4rs46h2', '::1', 1567172381, 0x5f5f63695f6c6173745f726567656e65726174657c693a313536373137323038313b);

-- --------------------------------------------------------

--
-- Table structure for table `courier`
--

CREATE TABLE `courier` (
  `courier_id` int(11) NOT NULL,
  `courier_name` varchar(255) NOT NULL,
  `courier_status` tinyint(4) NOT NULL COMMENT '1 for inside 2 outside'
) ENGINE=InnoDB DEFAULT CHARSET=utf8;

-- --------------------------------------------------------

--
-- Table structure for table `expense`
--

CREATE TABLE `expense` (
  `expense_id` int(11) NOT NULL,
  `expense_type` text,
  `expense_title` text,
  `expense_total` float DEFAULT NULL,
  `expense_data` longtext,
  `expense_summary` text,
  `expense_date` date NOT NULL
) ENGINE=InnoDB DEFAULT CHARSET=utf8;

-- --------------------------------------------------------

--
-- Table structure for table `expense_category`
--

CREATE TABLE `expense_category` (
  `expense_cat_id` int(11) NOT NULL,
  `expense_cat_name` varchar(255) NOT NULL
) ENGINE=InnoDB DEFAULT CHARSET=utf8;

-- --------------------------------------------------------

--
-- Table structure for table `hitcounter`
--

CREATE TABLE `hitcounter` (
  `hitcounter_id` int(11) NOT NULL,
  `client_ip` varchar(55) COLLATE utf8_unicode_ci NOT NULL,
  `date` date NOT NULL
) ENGINE=MyISAM DEFAULT CHARSET=utf8 COLLATE=utf8_unicode_ci;

-- --------------------------------------------------------

--
-- Table structure for table `homeslider`
--

CREATE TABLE `homeslider` (
  `homeslider_id` int(11) NOT NULL,
  `homeslider_title` varchar(555) CHARACTER SET utf8 NOT NULL DEFAULT '#',
  `homeslider_text` text CHARACTER SET utf8,
  `target_url` varchar(555) CHARACTER SET utf8 NOT NULL DEFAULT '#',
  `homeslider_banner` varchar(555) CHARACTER SET utf8 NOT NULL,
  `created_time` datetime NOT NULL,
  `modified_time` datetime NOT NULL
) ENGINE=InnoDB DEFAULT CHARSET=latin1;

--
-- Dumping data for table `homeslider`
--

INSERT INTO `homeslider` (`homeslider_id`, `homeslider_title`, `homeslider_text`, `target_url`, `homeslider_banner`, `created_time`, `modified_time`) VALUES
(3, 'yyy', 'FFf', 'yyy', 'uploads/sliders/28-08-2019-ny.jpg', '0000-00-00 00:00:00', '0000-00-00 00:00:00'),
(4, 'yyyyyy', 'FFf', 'gggg', 'uploads/sliders/28-08-2019-la.jpg', '0000-00-00 00:00:00', '0000-00-00 00:00:00');

-- --------------------------------------------------------

--
-- Table structure for table `inquiry`
--

CREATE TABLE `inquiry` (
  `inquiry_id` int(11) NOT NULL,
  `name` varchar(155) CHARACTER SET utf8 NOT NULL,
  `phone` varchar(15) NOT NULL,
  `subject` varchar(555) CHARACTER SET utf8 NOT NULL,
  `status` varchar(6) NOT NULL DEFAULT 'unread',
  `message` text CHARACTER SET utf8 NOT NULL,
  `created_time` datetime NOT NULL,
  `modified_time` datetime NOT NULL
) ENGINE=InnoDB DEFAULT CHARSET=latin1;

-- --------------------------------------------------------

--
-- Table structure for table `media`
--

CREATE TABLE `media` (
  `media_id` int(11) NOT NULL,
  `media_title` varchar(555) CHARACTER SET utf8 DEFAULT '#',
  `media_path` varchar(555) CHARACTER SET utf8 NOT NULL,
  `product_id` int(15) NOT NULL,
  `feature_image` varchar(50) NOT NULL,
  `galery_image` varchar(50) NOT NULL,
  `created_time` datetime NOT NULL,
  `modified_time` datetime NOT NULL
) ENGINE=InnoDB DEFAULT CHARSET=latin1;

--
-- Dumping data for table `media`
--

INSERT INTO `media` (`media_id`, `media_title`, `media_path`, `product_id`, `feature_image`, `galery_image`, `created_time`, `modified_time`) VALUES
(1, 'logo name', 'uploads/28-08-2019-logo.png', 0, '', '', '2019-08-28 08:47:05', '0000-00-00 00:00:00'),
(2, 'Music device', 'uploads/55-12-02-28-08-2019-159.jpg', 0, '', '', '2019-08-28 02:00:00', '0000-00-00 00:00:00'),
(3, 'Music device', 'uploads/56-12-02-28-08-2019-159-1.png', 0, '', '', '0000-00-00 00:00:00', '0000-00-00 00:00:00'),
(4, 'mobile eronic power', 'uploads/36-31-02-28-08-2019-2-1_b77ada4c-208x185.jpg', 0, '', '', '2019-08-28 02:00:00', '0000-00-00 00:00:00'),
(5, 'moble', 'uploads/23-34-02-28-08-2019-7-273x273.jpg', 0, '', '', '2019-08-28 02:00:00', '0000-00-00 00:00:00'),
(6, 'Hand globs machine', 'uploads/52-34-11-29-08-2019-66201068_1220830871459090_4045533625721028608_n.jpg', 0, '', '', '2019-08-29 11:00:00', '0000-00-00 00:00:00'),
(7, 'Hand globs machine', 'uploads/52-34-11-29-08-2019-55-12-02-28-08-2019-159_thumb.jpg', 0, '', '', '0000-00-00 00:00:00', '0000-00-00 00:00:00'),
(8, 'Hand globs machine', 'uploads/52-34-11-29-08-2019-$(KGrHqJHJBYFHKY96gDPBR0)PCFJbg--60_58.JPG', 0, '', '', '0000-00-00 00:00:00', '0000-00-00 00:00:00'),
(9, 'water tab for home made', 'uploads/05-46-11-29-08-2019-4-tap-3509.jpg', 0, '', '', '2019-08-29 11:00:00', '0000-00-00 00:00:00'),
(10, 'water tab for home made', 'uploads/05-46-11-29-08-2019-4-tap-3509-208x185.jpg', 0, '', '', '0000-00-00 00:00:00', '0000-00-00 00:00:00'),
(11, 'Hand globs machine', 'uploads/32-54-12-29-08-2019-vx5 591g gdfvg.jpg', 0, '', '', '0000-00-00 00:00:00', '0000-00-00 00:00:00'),
(12, 'mobile eronic power', 'uploads/54-54-12-29-08-2019-05-46-11-29-08-2019-4-tap-3509_thumb.jpg', 0, '', '', '0000-00-00 00:00:00', '0000-00-00 00:00:00'),
(13, 'Music device made in indian', 'uploads/04-56-12-29-08-2019-1093.jpg', 0, '', '', '0000-00-00 00:00:00', '0000-00-00 00:00:00'),
(14, 'logofff', 'uploads/29-08-2019-download.png', 0, '', '', '2019-08-29 09:07:51', '0000-00-00 00:00:00'),
(15, 'Music device made in indian', 'uploads/13-21-06-29-08-2019-printer-service.jpg', 0, '', '', '0000-00-00 00:00:00', '0000-00-00 00:00:00'),
(16, 'Music device made in indian', 'uploads/56-21-06-29-08-2019-61SqbGoUdGL._SL1000_.jpg', 0, '', '', '0000-00-00 00:00:00', '0000-00-00 00:00:00');

-- --------------------------------------------------------

--
-- Table structure for table `newsletter`
--

CREATE TABLE `newsletter` (
  `newsletter_id` int(11) NOT NULL,
  `newsletter_email` varchar(155) NOT NULL,
  `created_time` datetime NOT NULL,
  `modified_time` datetime NOT NULL
) ENGINE=InnoDB DEFAULT CHARSET=utf8;

-- --------------------------------------------------------

--
-- Table structure for table `options`
--

CREATE TABLE `options` (
  `option_id` int(11) NOT NULL,
  `option_name` varchar(155) DEFAULT NULL,
  `option_value` text CHARACTER SET utf8
) ENGINE=InnoDB DEFAULT CHARSET=latin1;

--
-- Dumping data for table `options`
--

INSERT INTO `options` (`option_id`, `option_name`, `option_value`) VALUES
(1, 'site_title', ''),
(2, 'logo', 'http://localhost/valueshop/uploads/28-08-2019-logo.png'),
(3, 'icon', ''),
(4, 'phone', '01738305670'),
(5, 'phone_order', '<i class=\"fa fa-phone-square\" style=\"padding-left:20px;color: green;\"> </i> 01760 442 442 \r\n<br>\r\n<i class=\"fa fa-phone-square\" style=\"padding-left:20px;color: green;\"> </i> 01841 305 000\r\n<br>\r\n<i class=\"fa fa-phone-square\" style=\"padding-left:20px;color: green;\"> </i> 01405 955 855\r\n<br>\r\n'),
(6, 'email', ''),
(7, 'admin_email', ''),
(8, 'support_box', ''),
(9, 'footer', ''),
(10, 'copyright', ''),
(11, 'default_product_terms', 'I am suzon'),
(12, 'shipping_charge_in_dhaka', '60'),
(13, 'shipping_charge_out_of_dhaka', '100'),
(14, 'home_cat_section', '58,59,36'),
(15, 'home_seo_title', ''),
(16, 'home_seo_keywords', ''),
(17, 'home_seo_content', ''),
(18, 'home_about_title', ''),
(19, 'home_about_content', '');

-- --------------------------------------------------------

--
-- Table structure for table `ordermeta`
--

CREATE TABLE `ordermeta` (
  `meta_id` int(11) NOT NULL,
  `order_id` int(11) DEFAULT NULL,
  `meta_key` varchar(255) DEFAULT NULL,
  `meta_value` longtext
) ENGINE=InnoDB DEFAULT CHARSET=utf8;

-- --------------------------------------------------------

--
-- Table structure for table `order_data`
--

CREATE TABLE `order_data` (
  `order_id` int(11) NOT NULL,
  `created_by` varchar(55) CHARACTER SET utf8 DEFAULT 'customer',
  `staff_id` int(11) DEFAULT NULL,
  `order_total` varchar(155) NOT NULL,
  `shipping_charge` int(11) NOT NULL,
  `order_status` varchar(55) CHARACTER SET utf8 NOT NULL DEFAULT 'new',
  `payment_type` varchar(55) CHARACTER SET utf8 DEFAULT NULL,
  `products` text CHARACTER SET utf8 NOT NULL,
  `courier_service` varchar(155) CHARACTER SET utf8 DEFAULT NULL,
  `courier_code` varchar(155) CHARACTER SET utf8 DEFAULT NULL,
  `shipment_time` datetime NOT NULL,
  `created_time` datetime NOT NULL,
  `modified_time` datetime NOT NULL,
  `customer_name` varchar(255) NOT NULL,
  `customer_phone` varchar(255) NOT NULL,
  `customer_email` varchar(255) NOT NULL,
  `customer_address` varchar(255) NOT NULL,
  `order_area` varchar(255) NOT NULL
) ENGINE=InnoDB DEFAULT CHARSET=latin1;

--
-- Dumping data for table `order_data`
--

INSERT INTO `order_data` (`order_id`, `created_by`, `staff_id`, `order_total`, `shipping_charge`, `order_status`, `payment_type`, `products`, `courier_service`, `courier_code`, `shipment_time`, `created_time`, `modified_time`, `customer_name`, `customer_phone`, `customer_email`, `customer_address`, `order_area`) VALUES
(1, 'customer', NULL, '-92', 50, 'new', 'cash_on_delivery', 'a:1:{s:5:\"items\";a:1:{i:4;a:4:{s:14:\"featured_image\";s:79:\"http://localhost/valueshop/uploads/32-54-12-29-08-2019-vx5 591g gdfvg_thumb.jpg\";s:3:\"qty\";s:1:\"4\";s:5:\"price\";s:6:\"-38.00\";s:8:\"subtotal\";s:7:\"-152.00\";}}}', NULL, NULL, '2019-08-30 18:23:06', '2019-08-30 18:23:06', '2019-08-30 18:23:06', 'sujon', 'yy', 'yyy', 'ggg', 'inside_dhaka'),
(2, 'customer', NULL, '282', 50, 'new', 'cash_on_delivery', 'a:1:{s:5:\"items\";a:1:{i:3;a:4:{s:14:\"featured_image\";s:74:\"http://localhost/valueshop/uploads/23-34-02-28-08-2019-7-273x273_thumb.jpg\";s:3:\"qty\";s:1:\"1\";s:5:\"price\";s:6:\"222.00\";s:8:\"subtotal\";s:6:\"222.00\";}}}', NULL, NULL, '2019-08-30 18:53:56', '2019-08-30 18:53:56', '2019-08-30 18:53:56', 'sumon ali ok', '00', 'ss', 'fff', 'inside_dhaka'),
(3, 'customer', NULL, '282', 50, 'new', 'cash_on_delivery', 'a:1:{s:5:\"items\";a:1:{i:3;a:4:{s:14:\"featured_image\";s:74:\"http://localhost/valueshop/uploads/23-34-02-28-08-2019-7-273x273_thumb.jpg\";s:3:\"qty\";s:1:\"1\";s:5:\"price\";s:6:\"222.00\";s:8:\"subtotal\";s:6:\"222.00\";}}}', NULL, NULL, '2019-08-30 18:55:45', '2019-08-30 18:55:45', '2019-08-30 18:55:45', 'sumon ali ok', '00', 'ss', 'jjj', 'outside_dhaka'),
(4, 'customer', NULL, '282', 50, 'new', 'cash_on_delivery', 'a:1:{s:5:\"items\";a:1:{i:3;a:4:{s:14:\"featured_image\";s:74:\"http://localhost/valueshop/uploads/23-34-02-28-08-2019-7-273x273_thumb.jpg\";s:3:\"qty\";s:1:\"1\";s:5:\"price\";s:6:\"222.00\";s:8:\"subtotal\";s:6:\"222.00\";}}}', NULL, NULL, '2019-08-30 19:00:41', '2019-08-30 19:00:41', '2019-08-30 19:00:41', 'sumon ali ok', '00', 'ss', 'ff', 'inside_dhaka'),
(5, 'customer', NULL, '282', 50, 'new', 'cash_on_delivery', 'a:1:{s:5:\"items\";a:1:{i:3;a:4:{s:14:\"featured_image\";s:74:\"http://localhost/valueshop/uploads/23-34-02-28-08-2019-7-273x273_thumb.jpg\";s:3:\"qty\";s:1:\"1\";s:5:\"price\";s:6:\"222.00\";s:8:\"subtotal\";s:6:\"222.00\";}}}', NULL, NULL, '2019-08-30 19:02:50', '2019-08-30 19:02:50', '2019-08-30 19:02:50', 'g', 'g', 'g', '', 'inside_dhaka'),
(6, 'customer', NULL, '282', 50, 'new', 'cash_on_delivery', 'a:1:{s:5:\"items\";a:1:{i:3;a:4:{s:14:\"featured_image\";s:74:\"http://localhost/valueshop/uploads/23-34-02-28-08-2019-7-273x273_thumb.jpg\";s:3:\"qty\";s:1:\"1\";s:5:\"price\";s:6:\"222.00\";s:8:\"subtotal\";s:6:\"222.00\";}}}', NULL, NULL, '2019-08-30 19:03:17', '2019-08-30 19:03:17', '2019-08-30 19:03:17', 'g', '', '', '', 'inside_dhaka'),
(7, 'customer', NULL, '282', 50, 'new', 'cash_on_delivery', 'a:1:{s:5:\"items\";a:1:{i:3;a:4:{s:14:\"featured_image\";s:74:\"http://localhost/valueshop/uploads/23-34-02-28-08-2019-7-273x273_thumb.jpg\";s:3:\"qty\";s:1:\"1\";s:5:\"price\";s:6:\"222.00\";s:8:\"subtotal\";s:6:\"222.00\";}}}', NULL, NULL, '2019-08-30 19:10:33', '2019-08-30 19:10:33', '2019-08-30 19:10:33', 'sumon ali ok', 'g', 'g', 'fff', 'outside_dhaka'),
(8, 'customer', NULL, '282', 50, 'new', 'cash_on_delivery', 'a:1:{s:5:\"items\";a:1:{i:3;a:5:{s:14:\"featured_image\";s:74:\"http://localhost/valueshop/uploads/23-34-02-28-08-2019-7-273x273_thumb.jpg\";s:3:\"qty\";s:1:\"1\";s:5:\"price\";s:6:\"222.00\";s:8:\"subtotal\";s:6:\"222.00\";s:4:\"name\";s:5:\"moble\";}}}', NULL, NULL, '2019-08-30 19:12:50', '2019-08-30 19:12:50', '2019-08-30 19:12:50', 'sumon ali ok', '00', 'ss', 'gg', 'inside_dhaka'),
(9, 'customer', NULL, '8944', 50, 'new', 'cash_on_delivery', 'a:1:{s:5:\"items\";a:4:{i:3;a:5:{s:14:\"featured_image\";s:74:\"http://localhost/valueshop/uploads/23-34-02-28-08-2019-7-273x273_thumb.jpg\";s:3:\"qty\";s:1:\"1\";s:5:\"price\";s:6:\"222.00\";s:8:\"subtotal\";s:6:\"222.00\";s:4:\"name\";s:5:\"moble\";}i:5;a:5:{s:14:\"featured_image\";s:75:\"http://localhost/valueshop/uploads/05-46-11-29-08-2019-4-tap-3509_thumb.jpg\";s:3:\"qty\";s:1:\"5\";s:5:\"price\";s:6:\"240.00\";s:8:\"subtotal\";s:8:\"1,200.00\";s:4:\"name\";s:23:\"water tab for home made\";}i:1;a:5:{s:14:\"featured_image\";s:85:\"http://localhost/valueshop/uploads/56-21-06-29-08-2019-61SqbGoUdGL._SL1000__thumb.jpg\";s:3:\"qty\";s:1:\"5\";s:5:\"price\";s:8:\"1,500.00\";s:8:\"subtotal\";s:8:\"7,500.00\";s:4:\"name\";s:27:\"Music device made in indian\";}i:4;a:5:{s:14:\"featured_image\";s:79:\"http://localhost/valueshop/uploads/32-54-12-29-08-2019-vx5 591g gdfvg_thumb.jpg\";s:3:\"qty\";s:1:\"1\";s:5:\"price\";s:6:\"-38.00\";s:8:\"subtotal\";s:6:\"-38.00\";s:4:\"name\";s:18:\"Hand globs machine\";}}}', NULL, NULL, '2019-08-30 19:15:04', '2019-08-30 19:15:04', '2019-08-30 19:15:04', '', 'suzon', 'ss', '', 'inside_dhaka'),
(10, 'customer', NULL, '780', 50, 'new', 'cash_on_delivery', 'a:1:{s:5:\"items\";a:1:{i:5;a:5:{s:14:\"featured_image\";s:75:\"http://localhost/valueshop/uploads/05-46-11-29-08-2019-4-tap-3509_thumb.jpg\";s:3:\"qty\";s:1:\"3\";s:5:\"price\";s:6:\"240.00\";s:8:\"subtotal\";s:6:\"720.00\";s:4:\"name\";s:23:\"water tab for home made\";}}}', NULL, NULL, '2019-08-30 19:28:51', '2019-08-30 19:28:51', '2019-08-30 19:28:51', 'gg', 'gg', 'gg', '', 'outside_dhaka'),
(11, 'customer', NULL, '1408', 50, 'new', 'cash_on_delivery', 'a:1:{s:5:\"items\";a:2:{i:4;a:5:{s:14:\"featured_image\";s:79:\"http://localhost/valueshop/uploads/32-54-12-29-08-2019-vx5 591g gdfvg_thumb.jpg\";s:3:\"qty\";s:1:\"4\";s:5:\"price\";s:6:\"-38.00\";s:8:\"subtotal\";s:7:\"-152.00\";s:4:\"name\";s:18:\"Hand globs machine\";}i:1;a:5:{s:14:\"featured_image\";s:85:\"http://localhost/valueshop/uploads/56-21-06-29-08-2019-61SqbGoUdGL._SL1000__thumb.jpg\";s:3:\"qty\";s:1:\"1\";s:5:\"price\";s:8:\"1,500.00\";s:8:\"subtotal\";s:8:\"1,500.00\";s:4:\"name\";s:27:\"Music device made in indian\";}}}', NULL, NULL, '2019-08-30 19:29:51', '2019-08-30 19:29:51', '2019-08-30 19:29:51', 'sss', 'ss', 'sss', '', 'inside_dhaka'),
(12, 'customer', NULL, '22', 50, 'new', 'cash_on_delivery', 'a:1:{s:5:\"items\";a:1:{i:4;a:5:{s:14:\"featured_image\";s:79:\"http://localhost/valueshop/uploads/32-54-12-29-08-2019-vx5 591g gdfvg_thumb.jpg\";s:3:\"qty\";s:1:\"1\";s:5:\"price\";s:6:\"-38.00\";s:8:\"subtotal\";s:6:\"-38.00\";s:4:\"name\";s:18:\"Hand globs machine\";}}}', NULL, NULL, '2019-08-30 19:30:17', '2019-08-30 19:30:17', '2019-08-30 19:30:17', 'dd', 'dd', 'dd', '', 'inside_dhaka');

-- --------------------------------------------------------

--
-- Table structure for table `post`
--

CREATE TABLE `post` (
  `post_id` int(11) NOT NULL,
  `post_author` int(11) NOT NULL,
  `post_title` text CHARACTER SET utf8,
  `post_name` text CHARACTER SET utf8 NOT NULL,
  `post_excerpt` text CHARACTER SET utf8 NOT NULL,
  `post_content` longtext CHARACTER SET utf8 NOT NULL,
  `post_status` varchar(20) CHARACTER SET utf8 DEFAULT 'publish',
  `comment_status` varchar(20) CHARACTER SET utf8 NOT NULL,
  `post_type` varchar(20) CHARACTER SET utf8 NOT NULL,
  `created_time` datetime NOT NULL,
  `modified_time` datetime NOT NULL
) ENGINE=InnoDB DEFAULT CHARSET=latin1;

-- --------------------------------------------------------

--
-- Table structure for table `postmeta`
--

CREATE TABLE `postmeta` (
  `meta_id` int(11) NOT NULL,
  `post_id` int(11) DEFAULT NULL,
  `meta_key` varchar(255) DEFAULT NULL,
  `meta_value` longtext
) ENGINE=InnoDB DEFAULT CHARSET=utf8;

-- --------------------------------------------------------

--
-- Table structure for table `product`
--

CREATE TABLE `product` (
  `product_id` int(11) NOT NULL,
  `product_title` varchar(255) CHARACTER SET utf8 NOT NULL,
  `product_name` varchar(255) CHARACTER SET utf8 NOT NULL,
  `product_price` double NOT NULL,
  `purchase_price` double NOT NULL,
  `discount_price` double NOT NULL,
  `discount_date_from` datetime NOT NULL,
  `discount_date_to` datetime NOT NULL,
  `product_summary` longtext CHARACTER SET utf8,
  `product_description` longtext CHARACTER SET utf8,
  `product_specification` longtext CHARACTER SET utf8,
  `product_terms` text CHARACTER SET utf8,
  `sku` varchar(255) NOT NULL,
  `product_stock` int(11) NOT NULL,
  `product_of_size` varchar(250) CHARACTER SET utf8 NOT NULL,
  `discount_type` varchar(255) NOT NULL,
  `product_color` varchar(255) CHARACTER SET utf8 NOT NULL,
  `product_video` varchar(255) NOT NULL,
  `product_availability` varchar(255) NOT NULL,
  `status` tinyint(4) NOT NULL DEFAULT '1' COMMENT '1 active 0 in active',
  `product_type` varchar(15) CHARACTER SET utf8 DEFAULT 'general',
  `created_time` datetime NOT NULL,
  `modified_time` datetime NOT NULL,
  `seo_title` text NOT NULL,
  `seo_keywords` text NOT NULL,
  `seo_content` text NOT NULL
) ENGINE=InnoDB DEFAULT CHARSET=latin1;

--
-- Dumping data for table `product`
--

INSERT INTO `product` (`product_id`, `product_title`, `product_name`, `product_price`, `purchase_price`, `discount_price`, `discount_date_from`, `discount_date_to`, `product_summary`, `product_description`, `product_specification`, `product_terms`, `sku`, `product_stock`, `product_of_size`, `discount_type`, `product_color`, `product_video`, `product_availability`, `status`, `product_type`, `created_time`, `modified_time`, `seo_title`, `seo_keywords`, `seo_content`) VALUES
(1, 'Music device made in indian', 'music-device-made-in-indian', 2000, 2000, 500, '2019-08-29 00:00:00', '2019-08-29 00:00:00', '   Lorem ipsum dolor sit amet, consectetuer adipiscing elit. Aenean commodo ligula eget dolor. Aenean massa. Cum sociis natoque penatibus et magnis dis parturient montes, nascetur ridiculus mus. Donec quam felis, ultricies nec, pellentesque eu, pretium quis, sem. Nulla consequat massa quis enim. Donec pede justo, fringilla vel, aliquet nec, vulputate eget, arcu. In enim justo, rhoncus ut, imperdiet a, venenatis vitae, justo. Nullam dictum felis eu pede mollis pretium. Integer tincidunt. Cras dapibus. Vivamus elementum semper nisi. Aenean vulputate eleifend tellus. Aenean leo ligula, porttitor eu, consequat vitae, eleifend ac, enim. Aliquam lorem ante, dapibus in, viverra quis, feugiat a, tellus. Phasellus viverra nulla ut metus varius laoreet. Quisque rutrum. Aenean imperdiet. Etiam ultricies nisi vel augue. Curabitur ullamcorper ultricies nisi. Nam eget dui. Etiam rhoncus. Maecenas tempus, tellus eget condimentum rhoncus, sem quam semper libero, sit amet adipiscing sem neque sed ipsum. Nam quam nunc, blandit vel, luctus pulvinar, hendrerit id, lorem. Maecenas nec odio et ante tincidunt tempus. Donec vitae sapien ut libero venenatis faucibus. Nullam quis ante. Etiam sit amet orci eget eros faucibus tincidunt. Duis leo. Sed fringilla mauris sit amet nibh. Donec sodales sagittis magna. Sed consequat, leo eget bibendum sodales, augue velit cursus nunc,         ', '<li>থালা-বাসন মাজতে গিয়ে আর হাতের ক্ষতি নয়! </li><li></li><li>এবার হাতকে রাখুন পানি থেকে দূরে! </li><li></li><li>ব্যবহার করুন সম্পূর্ণ ওয়াটারপ্রুফ – Silicone Dish Washing Gloves. </li><li></li><li>দৈনন্দিন থালাবাসন, হাঁড়িপাতিল এই জাতিয় সকল জিনিসপত্র পরিষ্কারের সময় একটি ভাল মানের সিলিকনের গ্লাভস হতে পারে অত্যন্ত উপকারী ।</li><li></li><li> নিচে সিলিকন ডিস ওয়াশিং গ্লাভসের উপকারী দিকগুলি তুলে ধরা হল :</li><li></li><li>\r\n					থালাবাসন বা হাঁড়িপাতিল পরিষ্কার এর জন্য আলাদা স্ক্রাবার প্রয়োজন হবেনা।</li><li></li><li>\r\n					গ্লাভসটি সিলিকন ম্যাটেরিয়াল দিয়ে তৈরি হওয়ায় যথেষ্ট ফ্লেকজিবল।\r\n					গ্লাভসটি আপনার হাত ও হাতের আগুল রক্ষা করবে ।</li><li></li><li>হাতকে রাখবে সম্পূর্ণ জীবাণু ও ব্যাকটেরিয়া মুক্ত ।</li><li></li><li>এটির এক্সট্রা গ্রিপ থাকায় থালাবাসন হাত থেকে পড়ে ভেঙ্গে যাওয়ার কোন সম্ভবনা নাই ।</li><li></li><li>\r\n\r\n				</li>', NULL, '<li>থালা-বাসন মাজতে গিয়ে আর হাতের ক্ষতি নয়! </li><li></li><li>এবার হাতকে রাখুন পানি থেকে দূরে! </li><li></li><li>ব্যবহার করুন সম্পূর্ণ ওয়াটারপ্রুফ – Silicone Dish Washing Gloves. </li><li></li><li>দৈনন্দিন থালাবাসন, হাঁড়িপাতিল এই জাতিয় সকল জিনিসপত্র পরিষ্কারের সময় একটি ভাল মানের সিলিকনের গ্লাভস হতে পারে অত্যন্ত উপকারী ।</li><li></li><li> নিচে সিলিকন ডিস ওয়াশিং গ্লাভসের উপকারী দিকগুলি তুলে ধরা হল :</li><li></li><li>\r\n					থালাবাসন বা হাঁড়িপাতিল পরিষ্কার এর জন্য আলাদা স্ক্রাবার প্রয়োজন হবেনা।</li><li></li><li>\r\n					গ্লাভসটি সিলিকন ম্যাটেরিয়াল দিয়ে তৈরি হওয়ায় যথেষ্ট ফ্লেকজিবল।\r\n					গ্লাভসটি আপনার হাত ও হাতের আগুল রক্ষা করবে ।</li><li></li><li>হাতকে রাখবে সম্পূর্ণ জীবাণু ও ব্যাকটেরিয়া মুক্ত ।</li><li></li><li>এটির এক্সট্রা গ্রিপ থাকায় থালাবাসন হাত থেকে পড়ে ভেঙ্গে যাওয়ার কোন সম্ভবনা নাই ।</li><li></li><li>\r\n\r\n				</li>', '1991', 50, '', 'fixed', '', '', '', 1, 'home', '0000-00-00 00:00:00', '0000-00-00 00:00:00', '', '', ''),
(2, 'mobile eronic power', 'mobile-eronic-power', 33, 25, 20, '2019-08-29 00:00:00', '2019-08-29 00:00:00', '    ', '', NULL, '', '255', 50, '', 'fixed', '', '', '', 1, 'general', '0000-00-00 00:00:00', '0000-00-00 00:00:00', '', '', ''),
(3, 'moble', 'moble', 222, 22, 0, '0000-00-00 00:00:00', '0000-00-00 00:00:00', '  ', '', NULL, '', '255', 0, '', 'fixed', '', '', '', 1, 'general', '0000-00-00 00:00:00', '0000-00-00 00:00:00', '', '', ''),
(4, 'Hand globs machine', 'hand-globs-machine', 22, 0, 60, '2019-08-29 00:00:00', '2019-08-29 00:00:00', '   ', '', NULL, '', '333', 22, '', 'fixed', '', '', '', 1, 'home', '0000-00-00 00:00:00', '0000-00-00 00:00:00', '', '', ''),
(5, 'water tab for home made', 'water-tab-for-home-made', 300, 0, 60, '2019-08-29 00:00:00', '2019-08-29 00:00:00', '  ', '', NULL, '', '222', 50, '', 'fixed', '', '', '', 1, 'home', '0000-00-00 00:00:00', '0000-00-00 00:00:00', '', '', '');

-- --------------------------------------------------------

--
-- Table structure for table `productmeta`
--

CREATE TABLE `productmeta` (
  `meta_id` int(11) NOT NULL,
  `product_id` int(11) DEFAULT NULL,
  `meta_key` varchar(255) DEFAULT NULL,
  `meta_value` longtext
) ENGINE=InnoDB DEFAULT CHARSET=utf8;

--
-- Dumping data for table `productmeta`
--

INSERT INTO `productmeta` (`meta_id`, `product_id`, `meta_key`, `meta_value`) VALUES
(1, 1, 'featured_image', '16'),
(2, 1, 'gallery_image', '3'),
(3, 2, 'featured_image', '12'),
(4, 3, 'featured_image', '5'),
(5, 4, 'featured_image', '11'),
(6, 4, 'gallery_image', '7,8'),
(7, 5, 'featured_image', '9'),
(8, 5, 'gallery_image', '10');

-- --------------------------------------------------------

--
-- Table structure for table `product_color`
--

CREATE TABLE `product_color` (
  `product_color_id` int(11) NOT NULL,
  `product_color_name` varchar(255) NOT NULL
) ENGINE=InnoDB DEFAULT CHARSET=utf8;

-- --------------------------------------------------------

--
-- Table structure for table `product_size`
--

CREATE TABLE `product_size` (
  `product_size_id` int(25) NOT NULL,
  `name` varchar(250) NOT NULL
) ENGINE=InnoDB DEFAULT CHARSET=utf8;

-- --------------------------------------------------------

--
-- Table structure for table `review`
--

CREATE TABLE `review` (
  `review_id` int(11) NOT NULL,
  `product_id` int(11) NOT NULL,
  `name` varchar(255) DEFAULT NULL,
  `email` varchar(55) DEFAULT NULL,
  `comment` text,
  `rating` varchar(5) DEFAULT '1',
  `created_time` datetime DEFAULT NULL
) ENGINE=InnoDB DEFAULT CHARSET=utf8;

-- --------------------------------------------------------

--
-- Table structure for table `stock_product`
--

CREATE TABLE `stock_product` (
  `stock_id` int(11) NOT NULL,
  `product_id` int(11) NOT NULL,
  `stock_status` varchar(55) NOT NULL,
  `stock_qty` varchar(11) NOT NULL,
  `created_time` datetime NOT NULL,
  `modified_time` datetime NOT NULL
) ENGINE=InnoDB DEFAULT CHARSET=utf8;

-- --------------------------------------------------------

--
-- Table structure for table `term_relation`
--

CREATE TABLE `term_relation` (
  `product_id` bigint(20) UNSIGNED NOT NULL DEFAULT '0',
  `term_id` bigint(20) UNSIGNED NOT NULL DEFAULT '0'
) ENGINE=InnoDB DEFAULT CHARSET=utf8;

--
-- Dumping data for table `term_relation`
--

INSERT INTO `term_relation` (`product_id`, `term_id`) VALUES
(1, 58),
(2, 80),
(3, 59),
(4, 58),
(5, 58);

-- --------------------------------------------------------

--
-- Table structure for table `usermeta`
--

CREATE TABLE `usermeta` (
  `user_meta_id` int(11) NOT NULL,
  `user_id` int(11) NOT NULL,
  `meta_key` varchar(255) NOT NULL,
  `meta_value` longtext CHARACTER SET utf8
) ENGINE=InnoDB DEFAULT CHARSET=latin1;

-- --------------------------------------------------------

--
-- Table structure for table `users`
--

CREATE TABLE `users` (
  `user_id` int(11) NOT NULL,
  `user_name` varchar(100) CHARACTER SET utf8 DEFAULT NULL,
  `user_phone` varchar(55) CHARACTER SET utf8 DEFAULT NULL,
  `user_email` varchar(155) CHARACTER SET utf8 DEFAULT NULL,
  `user_pass` varchar(64) NOT NULL,
  `user_type` varchar(15) CHARACTER SET utf8 DEFAULT NULL,
  `user_status` varchar(9) CHARACTER SET utf8 DEFAULT NULL,
  `registered_date` datetime NOT NULL,
  `updated_date` datetime NOT NULL,
  `user_picture` varchar(255) NOT NULL
) ENGINE=InnoDB DEFAULT CHARSET=latin1;

--
-- Dumping data for table `users`
--

INSERT INTO `users` (`user_id`, `user_name`, `user_phone`, `user_email`, `user_pass`, `user_type`, `user_status`, `registered_date`, `updated_date`, `user_picture`) VALUES
(1, 'sujon', '010738305670', 'suzonice15@gmail.com', '03afefe401d493b529045b0ccd5f719f', NULL, 'active', '0000-00-00 00:00:00', '0000-00-00 00:00:00', '');

--
-- Indexes for dumped tables
--

--
-- Indexes for table `adds`
--
ALTER TABLE `adds`
  ADD PRIMARY KEY (`adds_id`);

--
-- Indexes for table `category`
--
ALTER TABLE `category`
  ADD PRIMARY KEY (`category_id`);

--
-- Indexes for table `ci_sessions`
--
ALTER TABLE `ci_sessions`
  ADD KEY `ci_sessions_timestamp` (`timestamp`);

--
-- Indexes for table `courier`
--
ALTER TABLE `courier`
  ADD PRIMARY KEY (`courier_id`);

--
-- Indexes for table `expense`
--
ALTER TABLE `expense`
  ADD PRIMARY KEY (`expense_id`);

--
-- Indexes for table `expense_category`
--
ALTER TABLE `expense_category`
  ADD PRIMARY KEY (`expense_cat_id`);

--
-- Indexes for table `hitcounter`
--
ALTER TABLE `hitcounter`
  ADD PRIMARY KEY (`hitcounter_id`);

--
-- Indexes for table `homeslider`
--
ALTER TABLE `homeslider`
  ADD PRIMARY KEY (`homeslider_id`);

--
-- Indexes for table `inquiry`
--
ALTER TABLE `inquiry`
  ADD PRIMARY KEY (`inquiry_id`);

--
-- Indexes for table `media`
--
ALTER TABLE `media`
  ADD PRIMARY KEY (`media_id`);

--
-- Indexes for table `newsletter`
--
ALTER TABLE `newsletter`
  ADD PRIMARY KEY (`newsletter_id`);

--
-- Indexes for table `options`
--
ALTER TABLE `options`
  ADD PRIMARY KEY (`option_id`);

--
-- Indexes for table `ordermeta`
--
ALTER TABLE `ordermeta`
  ADD PRIMARY KEY (`meta_id`);

--
-- Indexes for table `order_data`
--
ALTER TABLE `order_data`
  ADD PRIMARY KEY (`order_id`);

--
-- Indexes for table `post`
--
ALTER TABLE `post`
  ADD PRIMARY KEY (`post_id`);

--
-- Indexes for table `postmeta`
--
ALTER TABLE `postmeta`
  ADD PRIMARY KEY (`meta_id`);

--
-- Indexes for table `product`
--
ALTER TABLE `product`
  ADD PRIMARY KEY (`product_id`);

--
-- Indexes for table `productmeta`
--
ALTER TABLE `productmeta`
  ADD PRIMARY KEY (`meta_id`);

--
-- Indexes for table `product_color`
--
ALTER TABLE `product_color`
  ADD PRIMARY KEY (`product_color_id`);

--
-- Indexes for table `product_size`
--
ALTER TABLE `product_size`
  ADD PRIMARY KEY (`product_size_id`),
  ADD KEY `product_size_id` (`product_size_id`);

--
-- Indexes for table `review`
--
ALTER TABLE `review`
  ADD PRIMARY KEY (`review_id`);

--
-- Indexes for table `stock_product`
--
ALTER TABLE `stock_product`
  ADD PRIMARY KEY (`stock_id`);

--
-- Indexes for table `term_relation`
--
ALTER TABLE `term_relation`
  ADD PRIMARY KEY (`product_id`,`term_id`),
  ADD KEY `term_taxonomy_id` (`term_id`);

--
-- Indexes for table `usermeta`
--
ALTER TABLE `usermeta`
  ADD PRIMARY KEY (`user_meta_id`);

--
-- Indexes for table `users`
--
ALTER TABLE `users`
  ADD PRIMARY KEY (`user_id`);

--
-- AUTO_INCREMENT for dumped tables
--

--
-- AUTO_INCREMENT for table `adds`
--
ALTER TABLE `adds`
  MODIFY `adds_id` int(11) NOT NULL AUTO_INCREMENT;

--
-- AUTO_INCREMENT for table `category`
--
ALTER TABLE `category`
  MODIFY `category_id` int(11) NOT NULL AUTO_INCREMENT, AUTO_INCREMENT=87;

--
-- AUTO_INCREMENT for table `courier`
--
ALTER TABLE `courier`
  MODIFY `courier_id` int(11) NOT NULL AUTO_INCREMENT;

--
-- AUTO_INCREMENT for table `expense`
--
ALTER TABLE `expense`
  MODIFY `expense_id` int(11) NOT NULL AUTO_INCREMENT;

--
-- AUTO_INCREMENT for table `expense_category`
--
ALTER TABLE `expense_category`
  MODIFY `expense_cat_id` int(11) NOT NULL AUTO_INCREMENT;

--
-- AUTO_INCREMENT for table `hitcounter`
--
ALTER TABLE `hitcounter`
  MODIFY `hitcounter_id` int(11) NOT NULL AUTO_INCREMENT;

--
-- AUTO_INCREMENT for table `homeslider`
--
ALTER TABLE `homeslider`
  MODIFY `homeslider_id` int(11) NOT NULL AUTO_INCREMENT, AUTO_INCREMENT=5;

--
-- AUTO_INCREMENT for table `inquiry`
--
ALTER TABLE `inquiry`
  MODIFY `inquiry_id` int(11) NOT NULL AUTO_INCREMENT;

--
-- AUTO_INCREMENT for table `media`
--
ALTER TABLE `media`
  MODIFY `media_id` int(11) NOT NULL AUTO_INCREMENT, AUTO_INCREMENT=17;

--
-- AUTO_INCREMENT for table `newsletter`
--
ALTER TABLE `newsletter`
  MODIFY `newsletter_id` int(11) NOT NULL AUTO_INCREMENT;

--
-- AUTO_INCREMENT for table `options`
--
ALTER TABLE `options`
  MODIFY `option_id` int(11) NOT NULL AUTO_INCREMENT, AUTO_INCREMENT=20;

--
-- AUTO_INCREMENT for table `ordermeta`
--
ALTER TABLE `ordermeta`
  MODIFY `meta_id` int(11) NOT NULL AUTO_INCREMENT;

--
-- AUTO_INCREMENT for table `order_data`
--
ALTER TABLE `order_data`
  MODIFY `order_id` int(11) NOT NULL AUTO_INCREMENT, AUTO_INCREMENT=13;

--
-- AUTO_INCREMENT for table `post`
--
ALTER TABLE `post`
  MODIFY `post_id` int(11) NOT NULL AUTO_INCREMENT;

--
-- AUTO_INCREMENT for table `postmeta`
--
ALTER TABLE `postmeta`
  MODIFY `meta_id` int(11) NOT NULL AUTO_INCREMENT;

--
-- AUTO_INCREMENT for table `product`
--
ALTER TABLE `product`
  MODIFY `product_id` int(11) NOT NULL AUTO_INCREMENT, AUTO_INCREMENT=6;

--
-- AUTO_INCREMENT for table `productmeta`
--
ALTER TABLE `productmeta`
  MODIFY `meta_id` int(11) NOT NULL AUTO_INCREMENT, AUTO_INCREMENT=9;

--
-- AUTO_INCREMENT for table `product_color`
--
ALTER TABLE `product_color`
  MODIFY `product_color_id` int(11) NOT NULL AUTO_INCREMENT;

--
-- AUTO_INCREMENT for table `product_size`
--
ALTER TABLE `product_size`
  MODIFY `product_size_id` int(25) NOT NULL AUTO_INCREMENT;

--
-- AUTO_INCREMENT for table `review`
--
ALTER TABLE `review`
  MODIFY `review_id` int(11) NOT NULL AUTO_INCREMENT;

--
-- AUTO_INCREMENT for table `stock_product`
--
ALTER TABLE `stock_product`
  MODIFY `stock_id` int(11) NOT NULL AUTO_INCREMENT;

--
-- AUTO_INCREMENT for table `usermeta`
--
ALTER TABLE `usermeta`
  MODIFY `user_meta_id` int(11) NOT NULL AUTO_INCREMENT;

--
-- AUTO_INCREMENT for table `users`
--
ALTER TABLE `users`
  MODIFY `user_id` int(11) NOT NULL AUTO_INCREMENT, AUTO_INCREMENT=2;
COMMIT;

/*!40101 SET CHARACTER_SET_CLIENT=@OLD_CHARACTER_SET_CLIENT */;
/*!40101 SET CHARACTER_SET_RESULTS=@OLD_CHARACTER_SET_RESULTS */;
/*!40101 SET COLLATION_CONNECTION=@OLD_COLLATION_CONNECTION */;
